"","coding_round_2_final_coding","coding_round_3_final_coding_separate","coding_round_4.1_coder_1_answer_1","coding_round_4.1_coder_1_answer_2","coding_round_4.1_coder_1_answer_3","coding_round_4.1_coder_2_answer_1","coding_round_4.1_coder_2_answer_2","coding_round_4.1_coder_2_answer_3","coding_round_4.2_final_coding_separate"
"1","demotivation","expectancy",NA,NA,NA,NA,NA,NA,"expectancy"
"2","demotivation","different",NA,NA,NA,NA,NA,NA,"other factors"
"3","demotivation","different",NA,NA,NA,NA,NA,NA,"other factors"
"4","demotivation","different",NA,NA,NA,NA,NA,NA,"other factors"
"5","no",NA,NA,NA,NA,NA,NA,NA,NA
"6","no",NA,NA,NA,NA,NA,NA,NA,NA
"7","demotivation","different",NA,NA,NA,NA,NA,NA,"other factors"
"8","no",NA,NA,NA,NA,NA,NA,NA,NA
"9",NA,NA,NA,NA,NA,NA,NA,NA,NA
"10","demotivation","different",NA,NA,NA,NA,NA,NA,"other factors"
"11","demotivation","expectancy",NA,NA,NA,NA,NA,NA,"expectancy"
"12","demotivation","expectancy",NA,NA,NA,NA,NA,NA,"expectancy"
"13","demotivation","negative",NA,NA,NA,NA,NA,NA,"costs/emotional"
"14","demotivation","negative",NA,NA,NA,NA,NA,NA,"costs/emotional"
"15","demotivation","different",NA,NA,NA,NA,NA,NA,"value/utility/useless"
"16",NA,NA,NA,NA,NA,NA,NA,NA,NA
"17","motivation","positive",NA,NA,NA,NA,NA,NA,"value/intrinsic"
"18","motivation","utility","not specified",NA,NA,"not specified",NA,NA,"value/utility/other"
"19","motivation","different",NA,NA,NA,NA,NA,NA,"consequence"
"20","motivation","utility","general",NA,NA,"general",NA,NA,"value/utility/general"
"21","motivation","positive",NA,NA,NA,NA,NA,NA,"value/intrinsic"
"22","motivation","utility","learning",NA,NA,"school",NA,NA,"value/utility/learning utility"
"23","motivation","goals",NA,NA,NA,NA,NA,NA,"value/utility/general"
"24","motivation","expectancy",NA,NA,NA,NA,NA,NA,"expectancy"
"25","motivation","expectancy",NA,NA,NA,NA,NA,NA,"expectancy"
"26","motivation","positive",NA,NA,NA,NA,NA,NA,"value/intrinsic"
"27","motivation","expectancy",NA,NA,NA,NA,NA,NA,"expectancy"
"28","motivation","different",NA,NA,NA,NA,NA,NA,"consequence"
"29","motivation","positive",NA,NA,NA,NA,NA,NA,"value/intrinsic"
"30","motivation","expectancy",NA,NA,NA,NA,NA,NA,"expectancy"
"31","demotivation","negative",NA,NA,NA,NA,NA,NA,"costs/emotional"
"32","demotivation","task difficulty",NA,NA,NA,NA,NA,NA,"costs/effort"
"33","demotivation","expectancy",NA,NA,NA,NA,NA,NA,"expectancy"
"34","demotivation","utility","useless",NA,NA,"useless",NA,NA,"value/utility/useless"
"35","demotivation","expectancy",NA,NA,NA,NA,NA,NA,"expectancy"
"36","motivation","utility","school",NA,NA,"school",NA,NA,"value/utility/school utility"
"37","motivation","positive",NA,NA,NA,NA,NA,NA,"value/intrinsic"
"38","motivation","goals",NA,NA,NA,NA,NA,NA,"goals/normative"
"39","motivation","utility","learning",NA,NA,"learning",NA,NA,"value/utility/school utility"
"40","motivation","positive",NA,NA,NA,NA,NA,NA,"value/intrinsic"
"41","motivation","goals",NA,NA,NA,NA,NA,NA,"goals/outcome"
"42","motivation","goals",NA,NA,NA,NA,NA,NA,"goals/social approval"
"43","motivation","different",NA,NA,NA,NA,NA,NA,"consequence"
"44","motivation","utility",NA,NA,NA,NA,NA,NA,"other factors"
"45","motivation","utility","social",NA,NA,"social",NA,NA,"value/utility/social utility"
"46","demotivation","expectancy",NA,NA,NA,NA,NA,NA,"expectancy"
"47","demotivation","different",NA,NA,NA,NA,NA,NA,"value/utility/useless"
"48","demotivation","expectancy",NA,NA,NA,NA,NA,NA,"expectancy"
"49","demotivation","utility","school",NA,NA,"school",NA,NA,"value/utility/school utility"
"50","demotivation","different",NA,NA,NA,NA,NA,NA,"consequence"
"51","demotivation","different",NA,NA,NA,NA,NA,NA,"other factors"
"52","demotivation","outside",NA,NA,NA,NA,NA,NA,"costs/opportunity"
"53","demotivation","expectancy",NA,NA,NA,NA,NA,NA,"expectancy"
"54","demotivation","expectancy",NA,NA,NA,NA,NA,NA,"costs/emotional"
"55",NA,NA,NA,NA,NA,NA,NA,NA,NA
"56","demotivation","expectancy",NA,NA,NA,NA,NA,NA,"expectancy"
"57","demotivation","different",NA,NA,NA,NA,NA,NA,"other factors"
"58","demotivation","different",NA,NA,NA,NA,NA,NA,"other factors"
"59","demotivation","outside",NA,NA,NA,NA,NA,NA,"costs/outside"
"60",NA,NA,NA,NA,NA,NA,NA,NA,NA
"61","demotivation","different",NA,NA,NA,NA,NA,NA,"other factors"
"62","demotivation","expectancy",NA,NA,NA,NA,NA,NA,"expectancy"
"63","demotivation","different",NA,NA,NA,NA,NA,NA,"other factors"
"64","demotivation","different",NA,NA,NA,NA,NA,NA,"consequence"
"65","demotivation","different",NA,NA,NA,NA,NA,NA,"other factors"
"66","demotivation","different",NA,NA,NA,NA,NA,NA,"other factors"
"67","demotivation","different",NA,NA,NA,NA,NA,NA,"other factors"
"68","demotivation","expectancy",NA,NA,NA,NA,NA,NA,"expectancy"
"69","demotivation","expectancy",NA,NA,NA,NA,NA,NA,"expectancy"
"70","demotivation","expectancy",NA,NA,NA,NA,NA,NA,"expectancy"
"71","demotivation","expectancy",NA,NA,NA,NA,NA,NA,"expectancy"
"72","demotivation","expectancy",NA,NA,NA,NA,NA,NA,"expectancy"
"73","demotivation","task difficulty",NA,NA,NA,NA,NA,NA,"costs/effort"
"74","demotivation","expectancy",NA,NA,NA,NA,NA,NA,"expectancy"
"75","demotivation","expectancy",NA,NA,NA,NA,NA,NA,"expectancy"
"76","motivation","utility","school",NA,NA,"school",NA,NA,"value/utility/general"
"77","motivation","utility","not specified",NA,NA,"not specified",NA,NA,"value/utility/other"
"78","motivation","utility","school",NA,NA,"school",NA,NA,"value/utility/school utility"
"79",NA,NA,NA,NA,NA,NA,NA,NA,NA
"80","motivation","expectancy",NA,NA,NA,NA,NA,NA,"expectancy"
"81","motivation","expectancy",NA,NA,NA,NA,NA,NA,"expectancy"
"82","motivation","utility","learning",NA,NA,"school",NA,NA,"value/utility/school utility"
"83","motivation","utility","learning",NA,NA,"learning",NA,NA,"value/utility/learning utility"
"84","demotivation","expectancy",NA,NA,NA,NA,NA,NA,"expectancy"
"85","demotivation","expectancy",NA,NA,NA,NA,NA,NA,"expectancy"
"86","demotivation","expectancy",NA,NA,NA,NA,NA,NA,"expectancy"
"87","demotivation","different",NA,NA,NA,NA,NA,NA,"other factors"
"88","demotivation","different",NA,NA,NA,NA,NA,NA,"other factors"
"89","demotivation","utility","general",NA,NA,"general",NA,NA,"value/utility/general"
"90","demotivation","utility","general",NA,NA,"general",NA,NA,"value/utility/general"
"91","demotivation","utility","not specified",NA,NA,"not specified",NA,NA,"value/utility/other"
"92",NA,NA,NA,NA,NA,NA,NA,NA,NA
"93",NA,NA,NA,NA,NA,NA,NA,NA,NA
"94","demotivation","different",NA,NA,NA,NA,NA,NA,"other factors"
"95","demotivation","different",NA,NA,NA,NA,NA,NA,"other factors"
"96",NA,NA,NA,NA,NA,NA,NA,NA,NA
"97","motivation","expectancy",NA,NA,NA,NA,NA,NA,"expectancy"
"98","motivation","different",NA,NA,NA,NA,NA,NA,"consequence"
"99","motivation","different",NA,NA,NA,NA,NA,NA,"consequence"
"100","motivation","positive",NA,NA,NA,NA,NA,NA,"value/intrinsic"
"101","motivation","different",NA,NA,NA,NA,NA,NA,"other factors"
"102","motivation","different",NA,NA,NA,NA,NA,NA,"consequence"
"103","motivation","different",NA,NA,NA,NA,NA,NA,"consequence"
"104","motivation","different",NA,NA,NA,NA,NA,NA,"other factors"
"105","motivation","positive",NA,NA,NA,NA,NA,NA,"value/intrinsic"
"106","motivation","expectancy",NA,NA,NA,NA,NA,NA,"expectancy"
"107","motivation","expectancy",NA,NA,NA,NA,NA,NA,"expectancy"
"108","motivation","different",NA,NA,NA,NA,NA,NA,"consequence"
"109","motivation","goals",NA,NA,NA,NA,NA,NA,"value/utility/general"
"110","motivation","goals",NA,NA,NA,NA,NA,NA,"value/utility/other"
"111","demotivation","expectancy",NA,NA,NA,NA,NA,NA,"expectancy"
"112","demotivation","utility",NA,NA,NA,NA,NA,NA,"value/utility/useless"
"113","demotivation","different",NA,NA,NA,NA,NA,NA,"consequence"
"114","demotivation","different",NA,NA,NA,NA,NA,NA,"costs/emotional"
"115","demotivation","negative",NA,NA,NA,NA,NA,NA,"costs/emotional"
"116","demotivation","expectancy",NA,NA,NA,NA,NA,NA,"expectancy"
"117","demotivation","different",NA,NA,NA,NA,NA,NA,"other factors"
"118","demotivation","different",NA,NA,NA,NA,NA,NA,"other factors"
"119","demotivation","different",NA,NA,NA,NA,NA,NA,"other factors"
"120","demotivation","expectancy",NA,NA,NA,NA,NA,NA,"expectancy"
"121",NA,NA,NA,NA,NA,NA,NA,NA,NA
"122","demotivation","expectancy",NA,NA,NA,NA,NA,NA,"expectancy"
"123","demotivation","expectancy",NA,NA,NA,NA,NA,NA,"expectancy"
"124","demotivation","expectancy",NA,NA,NA,NA,NA,NA,"expectancy"
"125","demotivation","different",NA,NA,NA,NA,NA,NA,"other factors"
"126","demotivation","different",NA,NA,NA,NA,NA,NA,"other factors"
"127","demotivation","different",NA,NA,NA,NA,NA,NA,"other factors"
"128","demotivation","different",NA,NA,NA,NA,NA,NA,"other factors"
"129","demotivation","different",NA,NA,NA,NA,NA,NA,"other factors"
"130","demotivation","different",NA,NA,NA,NA,NA,NA,"other factors"
"131","demotivation","expectancy",NA,NA,NA,NA,NA,NA,"expectancy"
"132","demotivation","expectancy",NA,NA,NA,NA,NA,NA,"expectancy"
"133","demotivation","expectancy",NA,NA,NA,NA,NA,NA,"expectancy"
"134","demotivation","expectancy",NA,NA,NA,NA,NA,NA,"expectancy"
"135","demotivation","expectancy",NA,NA,NA,NA,NA,NA,"expectancy"
"136","demotivation","expectancy",NA,NA,NA,NA,NA,NA,"expectancy"
"137","demotivation","different",NA,NA,NA,NA,NA,NA,"other factors"
"138","demotivation","negative",NA,NA,NA,NA,NA,NA,"costs/emotional"
"139","demotivation","task difficulty",NA,NA,NA,NA,NA,NA,"costs/effort"
"140","demotivation","task difficulty",NA,NA,NA,NA,NA,NA,"costs/effort"
"141","demotivation","expectancy",NA,NA,NA,NA,NA,NA,"expectancy"
"142","demotivation","expectancy",NA,NA,NA,NA,NA,NA,"expectancy"
"143","demotivation","expectancy",NA,NA,NA,NA,NA,NA,"expectancy"
"144","demotivation","negative",NA,NA,NA,NA,NA,NA,"costs/emotional"
"145","demotivation","different",NA,NA,NA,NA,NA,NA,"other factors"
"146","demotivation","different",NA,NA,NA,NA,NA,NA,"other factors"
"147","demotivation","expectancy",NA,NA,NA,NA,NA,NA,"expectancy"
"148","demotivation","negative",NA,NA,NA,NA,NA,NA,"costs/emotional"
"149","demotivation","expectancy",NA,NA,NA,NA,NA,NA,"expectancy"
"150","demotivation","task difficulty",NA,NA,NA,NA,NA,NA,"costs/effort"
"151","demotivation","expectancy",NA,NA,NA,NA,NA,NA,"expectancy"
"152","demotivation","task difficulty",NA,NA,NA,NA,NA,NA,"costs/effort"
"153","demotivation","expectancy",NA,NA,NA,NA,NA,NA,"expectancy"
"154","demotivation","different",NA,NA,NA,NA,NA,NA,"value/utility/useless"
"155","demotivation","task difficulty",NA,NA,NA,NA,NA,NA,"costs/effort"
"156","demotivation","expectancy",NA,NA,NA,NA,NA,NA,"expectancy"
"157","demotivation","task difficulty",NA,NA,NA,NA,NA,NA,"costs/effort"
"158","demotivation","negative",NA,NA,NA,NA,NA,NA,"costs/emotional"
"159","demotivation","task difficulty",NA,NA,NA,NA,NA,NA,"costs/effort"
"160","demotivation","utility","useless",NA,NA,"useless",NA,NA,"value/utility/useless"
"161","demotivation","negative",NA,NA,NA,NA,NA,NA,"costs/emotional"
"162","demotivation","different",NA,NA,NA,NA,NA,NA,"value/utility/useless"
"163","demotivation","negative",NA,NA,NA,NA,NA,NA,"costs/emotional"
"164","demotivation","different",NA,NA,NA,NA,NA,NA,"other factors"
"165","demotivation","expectancy",NA,NA,NA,NA,NA,NA,"expectancy"
"166","demotivation","expectancy",NA,NA,NA,NA,NA,NA,"expectancy"
"167","demotivation","different",NA,NA,NA,NA,NA,NA,"other factors"
"168","demotivation","expectancy",NA,NA,NA,NA,NA,NA,"expectancy"
"169","demotivation","different",NA,NA,NA,NA,NA,NA,"consequence"
"170","demotivation","negative",NA,NA,NA,NA,NA,NA,"costs/emotional"
"171","demotivation","task difficulty",NA,NA,NA,NA,NA,NA,"costs/effort"
"172","demotivation","different",NA,NA,NA,NA,NA,NA,"other factors"
"173","demotivation","different",NA,NA,NA,NA,NA,NA,"other factors"
"174","motivation","goals",NA,NA,NA,NA,NA,NA,"goals/social responsibility"
"175","motivation","utility","not specified",NA,NA,"not specified",NA,NA,"value/utility/other"
"176",NA,NA,NA,NA,NA,NA,NA,NA,NA
"177",NA,NA,NA,NA,NA,NA,NA,NA,NA
"178",NA,NA,NA,NA,NA,NA,NA,NA,NA
"179",NA,NA,NA,NA,NA,NA,NA,NA,NA
"180","motivation","goals",NA,NA,NA,NA,NA,NA,"goals/social responsibility"
"181","motivation","utility","school",NA,NA,"school",NA,NA,"value/utility/school utility"
"182","motivation","positive",NA,NA,NA,NA,NA,NA,"value/intrinsic"
"183","motivation","positive",NA,NA,NA,NA,NA,NA,"value/intrinsic"
"184","motivation","utility","not specified",NA,NA,"not specified",NA,NA,"value/utility/learning utility"
"185","motivation","positive",NA,NA,NA,NA,NA,NA,"value/intrinsic"
"186","motivation","utility","learning",NA,NA,"learning",NA,NA,"value/utility/learning utility"
"187","motivation","different",NA,NA,NA,NA,NA,NA,"consequence"
"188","motivation","expectancy",NA,NA,NA,NA,NA,NA,"expectancy"
"189","motivation","expectancy",NA,NA,NA,NA,NA,NA,"expectancy"
"190","motivation","positive",NA,NA,NA,NA,NA,NA,"value/intrinsic"
"191","demotivation","expectancy",NA,NA,NA,NA,NA,NA,"expectancy"
"192","demotivation","different",NA,NA,NA,NA,NA,NA,"other factors"
"193","demotivation","different",NA,NA,NA,NA,NA,NA,"other factors"
"194","demotivation","different",NA,NA,NA,NA,NA,NA,"other factors"
"195","demotivation","expectancy",NA,NA,NA,NA,NA,NA,"expectancy"
"196","demotivation","different",NA,NA,NA,NA,NA,NA,"consequence"
"197","demotivation","different",NA,NA,NA,NA,NA,NA,"other factors"
"198","demotivation","expectancy",NA,NA,NA,NA,NA,NA,"expectancy"
"199","demotivation","different",NA,NA,NA,NA,NA,NA,"other factors"
"200","demotivation","different",NA,NA,NA,NA,NA,NA,"other factors"
"201","demotivation","expectancy",NA,NA,NA,NA,NA,NA,"expectancy"
"202","demotivation","different",NA,NA,NA,NA,NA,NA,"other factors"
"203","demotivation","outside",NA,NA,NA,NA,NA,NA,"costs/outside"
"204","demotivation","different",NA,NA,NA,NA,NA,NA,"other factors"
"205","demotivation","expectancy",NA,NA,NA,NA,NA,NA,"consequence"
"206","demotivation","expectancy",NA,NA,NA,NA,NA,NA,"expectancy"
"207","demotivation","outside",NA,NA,NA,NA,NA,NA,"costs/outside"
"208","demotivation","expectancy",NA,NA,NA,NA,NA,NA,"expectancy"
"209","demotivation","different",NA,NA,NA,NA,NA,NA,"other factors"
"210","demotivation","outside",NA,NA,NA,NA,NA,NA,"costs/outside"
"211","demotivation","outside",NA,NA,NA,NA,NA,NA,"costs/outside"
"212","motivation","task difficulty",NA,NA,NA,NA,NA,NA,"costs/effort"
"213","motivation","task difficulty",NA,NA,NA,NA,NA,NA,"costs/effort"
"214","motivation","positive",NA,NA,NA,NA,NA,NA,"value/intrinsic"
"215","motivation","expectancy",NA,NA,NA,NA,NA,NA,"value/intrinsic"
"216","motivation","utility","school",NA,NA,"school",NA,NA,"value/utility/school utility"
"217","motivation","utility","not specified",NA,NA,"not specified",NA,NA,"value/utility/other"
"218","motivation","expectancy",NA,NA,NA,NA,NA,NA,"expectancy"
"219","motivation","positive",NA,NA,NA,NA,NA,NA,"value/intrinsic"
"220","motivation","different",NA,NA,NA,NA,NA,NA,"consequence"
"221","motivation","expectancy",NA,NA,NA,NA,NA,NA,"expectancy"
"222","demotivation","expectancy",NA,NA,NA,NA,NA,NA,"expectancy"
"223","demotivation","different",NA,NA,NA,NA,NA,NA,"other factors"
"224","demotivation","expectancy",NA,NA,NA,NA,NA,NA,"expectancy"
"225","demotivation","different",NA,NA,NA,NA,NA,NA,"other factors"
"226","demotivation","different",NA,NA,NA,NA,NA,NA,"other factors"
"227","demotivation","different",NA,NA,NA,NA,NA,NA,"other factors"
"228","demotivation","different",NA,NA,NA,NA,NA,NA,"other factors"
"229","demotivation","different",NA,NA,NA,NA,NA,NA,"consequence"
"230","demotivation","different",NA,NA,NA,NA,NA,NA,"consequence"
"231","demotivation","expectancy",NA,NA,NA,NA,NA,NA,"expectancy"
"232","demotivation","expectancy",NA,NA,NA,NA,NA,NA,"expectancy"
"233","demotivation","expectancy",NA,NA,NA,NA,NA,NA,"expectancy"
"234","demotivation","negative",NA,NA,NA,NA,NA,NA,"costs/emotional"
"235","demotivation","different",NA,NA,NA,NA,NA,NA,"other factors"
"236","motivation","utility","school",NA,NA,"school",NA,NA,"value/utility/school utility"
"237","motivation","goals",NA,NA,NA,NA,NA,NA,"value/utility/school utility"
"238","motivation","utility","school",NA,NA,"school",NA,NA,"value/utility/school utility"
"239",NA,NA,NA,NA,NA,NA,NA,NA,NA
"240","motivation","expectancy",NA,NA,NA,NA,NA,NA,"expectancy"
"241","motivation","expectancy",NA,NA,NA,NA,NA,NA,"expectancy"
"242","motivation","task difficulty",NA,NA,NA,NA,NA,NA,"costs/effort"
"243","motivation","positive",NA,NA,NA,NA,NA,NA,"value/intrinsic"
"244","motivation","positive",NA,NA,NA,NA,NA,NA,"value/utility/school utility"
"245","motivation","positive",NA,NA,NA,NA,NA,NA,"value/intrinsic"
"246","motivation","positive",NA,NA,NA,NA,NA,NA,"value/intrinsic"
"247","motivation","expectancy",NA,NA,NA,NA,NA,NA,"expectancy"
"248","motivation","expectancy",NA,NA,NA,NA,NA,NA,"expectancy"
"249","motivation","expectancy",NA,NA,NA,NA,NA,NA,"expectancy"
"250","motivation","goals",NA,NA,NA,NA,NA,NA,"value/utility/learning utility"
"251","motivation","goals",NA,NA,NA,NA,NA,NA,"goals/social approval"
"252","motivation","positive",NA,NA,NA,NA,NA,NA,"value/intrinsic"
"253","motivation","goals",NA,NA,NA,NA,NA,NA,"goals/mastery"
"254","motivation","expectancy",NA,NA,NA,NA,NA,NA,"expectancy"
"255","motivation","expectancy",NA,NA,NA,NA,NA,NA,"expectancy"
"256","motivation","goals",NA,NA,NA,NA,NA,NA,"consequence"
"257","motivation","utility","social",NA,NA,"social",NA,NA,"value/utility/social utility"
"258","motivation","utility","school",NA,NA,"school",NA,NA,"value/utility/school utility"
"259","motivation","goals",NA,NA,NA,NA,NA,NA,"value/utility/learning utility"
"260","motivation","different",NA,NA,NA,NA,NA,NA,"consequence"
"261","motivation","expectancy",NA,NA,NA,NA,NA,NA,"expectancy"
"262","motivation","different",NA,NA,NA,NA,NA,NA,"consequence"
"263","motivation","task difficulty",NA,NA,NA,NA,NA,NA,"costs/effort"
"264","motivation","utility","school",NA,NA,"school",NA,NA,"value/utility/school utility"
"265","motivation","utility","school",NA,NA,"school",NA,NA,"value/utility/school utility"
"266","motivation","utility","school",NA,NA,"school",NA,NA,"value/utility/school utility"
"267","motivation","goals",NA,NA,NA,NA,NA,NA,"goals/outcome"
"268",NA,NA,NA,NA,NA,NA,NA,NA,NA
"269","motivation","goals",NA,NA,NA,NA,NA,NA,"goals/social status"
"270","motivation","goals",NA,NA,NA,NA,NA,NA,"goals/outcome"
"271","motivation","goals",NA,NA,NA,NA,NA,NA,"goals/normative"
"272","motivation","goals",NA,NA,NA,NA,NA,NA,"goals/social approval"
"273","motivation","expectancy",NA,NA,NA,NA,NA,NA,"expectancy"
"274","motivation","expectancy",NA,NA,NA,NA,NA,NA,"expectancy"
"275","motivation","expectancy",NA,NA,NA,NA,NA,NA,"expectancy"
"276","motivation","utility","learning",NA,NA,"learning",NA,NA,"value/utility/learning utility"
"277","motivation","expectancy",NA,NA,NA,NA,NA,NA,"expectancy"
"278","motivation","positive",NA,NA,NA,NA,NA,NA,"value/intrinsic"
"279","motivation","task difficulty",NA,NA,NA,NA,NA,NA,"costs/effort"
"280","motivation","expectancy",NA,NA,NA,NA,NA,NA,"expectancy"
"281","motivation","different",NA,NA,NA,NA,NA,NA,"other factors"
"282","motivation","utility","learning",NA,NA,"learning",NA,NA,"value/utility/learning utility"
"283","demotivation","expectancy",NA,NA,NA,NA,NA,NA,"expectancy"
"284","demotivation","task difficulty",NA,NA,NA,NA,NA,NA,"costs/effort"
"285","demotivation","different",NA,NA,NA,NA,NA,NA,"other factors"
"286","demotivation","different",NA,NA,NA,NA,NA,NA,"other factors"
"287","demotivation","different",NA,NA,NA,NA,NA,NA,"other factors"
"288","demotivation","different",NA,NA,NA,NA,NA,NA,"other factors"
"289","demotivation","expectancy",NA,NA,NA,NA,NA,NA,"expectancy"
"290","demotivation","task difficulty",NA,NA,NA,NA,NA,NA,"costs/effort"
"291","demotivation","expectancy",NA,NA,NA,NA,NA,NA,"expectancy"
"292",NA,NA,NA,NA,NA,NA,NA,NA,NA
"293","demotivation","expectancy",NA,NA,NA,NA,NA,NA,"expectancy"
"294","demotivation","negative",NA,NA,NA,NA,NA,NA,"costs/emotional"
"295","demotivation","different",NA,NA,NA,NA,NA,NA,"consequence"
"296","demotivation","expectancy",NA,NA,NA,NA,NA,NA,"expectancy"
"297","demotivation","different",NA,NA,NA,NA,NA,NA,"other factors"
"298","demotivation","expectancy",NA,NA,NA,NA,NA,NA,"expectancy"
"299","demotivation","expectancy",NA,NA,NA,NA,NA,NA,"expectancy"
"300","demotivation","expectancy",NA,NA,NA,NA,NA,NA,"expectancy"
"301","demotivation","expectancy",NA,NA,NA,NA,NA,NA,"expectancy"
"302","demotivation","expectancy",NA,NA,NA,NA,NA,NA,"expectancy"
"303","demotivation","different",NA,NA,NA,NA,NA,NA,"other factors"
"304","demotivation","expectancy",NA,NA,NA,NA,NA,NA,"expectancy"
"305","demotivation","expectancy",NA,NA,NA,NA,NA,NA,"expectancy"
"306","motivation","utility","school",NA,NA,"school",NA,NA,"value/utility/school utility"
"307","motivation","utility","learning",NA,NA,"learning",NA,NA,"value/utility/learning utility"
"308","motivation","utility","learning",NA,NA,"learning",NA,NA,"value/utility/learning utility"
"309","motivation","utility","learning",NA,NA,"learning",NA,NA,"value/utility/learning utility"
"310","motivation","utility","learning",NA,NA,"school",NA,NA,"value/utility/learning utility"
"311","motivation","expectancy",NA,NA,NA,NA,NA,NA,"expectancy"
"312","motivation","expectancy",NA,NA,NA,NA,NA,NA,"expectancy"
"313","motivation","different",NA,NA,NA,NA,NA,NA,"consequence"
"314","motivation","different",NA,NA,NA,NA,NA,NA,"consequence"
"315","motivation","expectancy",NA,NA,NA,NA,NA,NA,"expectancy"
"316","motivation","positive",NA,NA,NA,NA,NA,NA,"value/intrinsic"
"317","demotivation","task difficulty",NA,NA,NA,NA,NA,NA,"costs/effort"
"318","demotivation","expectancy",NA,NA,NA,NA,NA,NA,"expectancy"
"319","demotivation","different",NA,NA,NA,NA,NA,NA,"other factors"
"320","demotivation","expectancy",NA,NA,NA,NA,NA,NA,"expectancy"
"321","demotivation","task difficulty",NA,NA,NA,NA,NA,NA,"costs/effort"
"322","demotivation","negative",NA,NA,NA,NA,NA,NA,"costs/emotional"
"323","demotivation","task difficulty",NA,NA,NA,NA,NA,NA,"costs/effort"
"324","no",NA,NA,NA,NA,NA,NA,NA,NA
"325","motivation","utility","learning",NA,NA,"learning",NA,NA,"value/utility/learning utility"
"326","motivation","utility","school",NA,NA,"school",NA,NA,"value/utility/school utility"
"327","motivation","utility","school",NA,NA,"school",NA,NA,"value/utility/learning utility"
"328","motivation","utility","learning",NA,NA,"learning",NA,NA,"value/utility/learning utility"
"329","motivation","utility","learning",NA,NA,"learning",NA,NA,"value/utility/learning utility"
"330","motivation","utility","learning",NA,NA,"school",NA,NA,"value/utility/learning utility"
"331","motivation","different",NA,NA,NA,NA,NA,NA,"other factors"
"332","motivation","utility","school",NA,NA,"school",NA,NA,"other factors"
"333","motivation","expectancy",NA,NA,NA,NA,NA,NA,"expectancy"
"334","motivation","utility","learning",NA,NA,"school",NA,NA,"value/utility/learning utility"
"335","motivation","utility","learning",NA,NA,"learning",NA,NA,"value/utility/learning utility"
"336","motivation","utility","learning",NA,NA,"learning",NA,NA,"value/utility/learning utility"
"337","motivation","utility","school",NA,NA,"school",NA,NA,"value/utility/school utility"
"338","motivation","utility","school",NA,NA,"school",NA,NA,"value/utility/school utility"
"339","motivation","different",NA,NA,NA,NA,NA,NA,"consequence"
"340","motivation","different",NA,NA,NA,NA,NA,NA,"other factors"
"341","motivation","utility","school",NA,NA,"school",NA,NA,"value/utility/school utility"
"342","motivation","utility","learning",NA,NA,"learning",NA,NA,"value/utility/learning utility"
"343","motivation","expectancy",NA,NA,NA,NA,NA,NA,"expectancy"
"344","motivation","utility","learning",NA,NA,"school",NA,NA,"value/utility/learning utility"
"345","motivation","utility","not specified",NA,NA,"school",NA,NA,"value/utility/other"
"346","motivation","expectancy",NA,NA,NA,NA,NA,NA,"expectancy"
"347","motivation","utility","daily life",NA,NA,"daily life",NA,NA,"value/utility/daily life"
"348","motivation","expectancy",NA,NA,NA,NA,NA,NA,"expectancy"
"349","motivation","utility","daily life",NA,NA,"daily life",NA,NA,"value/utility/daily life"
"350","motivation","expectancy",NA,NA,NA,NA,NA,NA,"expectancy"
"351","demotivation","negative",NA,NA,NA,NA,NA,NA,"costs/emotional"
"352","demotivation","utility","no reward",NA,NA,"no reward",NA,NA,"value/utility/other"
"353","demotivation","negative",NA,NA,NA,NA,NA,NA,"costs/emotional"
"354","demotivation","utility","no reward",NA,NA,"no reward",NA,NA,"value/utility/other"
"355","demotivation","negative",NA,NA,NA,NA,NA,NA,"costs/emotional"
"356","demotivation","utility","no reward",NA,NA,"no reward",NA,NA,"value/utility/other"
"357","demotivation","expectancy",NA,NA,NA,NA,NA,NA,"expectancy"
"358","demotivation","negative",NA,NA,NA,NA,NA,NA,"costs/emotional"
"359","motivation","positive",NA,NA,NA,NA,NA,NA,"value/intrinsic"
"360","demotivation","negative",NA,NA,NA,NA,NA,NA,"costs/emotional"
"361","demotivation","expectancy",NA,NA,NA,NA,NA,NA,"expectancy"
"362","demotivation","expectancy",NA,NA,NA,NA,NA,NA,"expectancy"
"363","demotivation","expectancy",NA,NA,NA,NA,NA,NA,"expectancy"
"364","demotivation","expectancy",NA,NA,NA,NA,NA,NA,"consequence"
"365","demotivation","negative",NA,NA,NA,NA,NA,NA,"costs/emotional"
"366","demotivation","different",NA,NA,NA,NA,NA,NA,"consequence"
"367","demotivation","different",NA,NA,NA,NA,NA,NA,"consequence"
"368","motivation","goals",NA,NA,NA,NA,NA,NA,"goals/outcome"
"369","motivation","goals",NA,NA,NA,NA,NA,NA,"value/utility/general"
"370","motivation","goals",NA,NA,NA,NA,NA,NA,"value/utility/general"
"371","motivation","expectancy",NA,NA,NA,NA,NA,NA,"expectancy"
"372","motivation","positive",NA,NA,NA,NA,NA,NA,"value/intrinsic"
"373","motivation","positive",NA,NA,NA,NA,NA,NA,"value/intrinsic"
"374",NA,NA,NA,NA,NA,NA,NA,NA,NA
"375",NA,NA,NA,NA,NA,NA,NA,NA,NA
"376",NA,NA,NA,NA,NA,NA,NA,NA,NA
"377",NA,NA,NA,NA,NA,NA,NA,NA,NA
"378",NA,NA,NA,NA,NA,NA,NA,NA,NA
"379",NA,NA,NA,NA,NA,NA,NA,NA,NA
"380",NA,NA,NA,NA,NA,NA,NA,NA,NA
"381","motivation","different",NA,NA,NA,NA,NA,NA,"other factors"
"382","motivation","positive",NA,NA,NA,NA,NA,NA,"value/intrinsic"
"383","motivation","different",NA,NA,NA,NA,NA,NA,"other factors"
"384","motivation","goals",NA,NA,NA,NA,NA,NA,"goals/mastery"
"385","motivation","goals",NA,NA,NA,NA,NA,NA,"goals/social status"
"386","motivation","goals",NA,NA,NA,NA,NA,NA,"goals/social concern"
"387","motivation","goals",NA,NA,NA,NA,NA,NA,"goals/social approval"
"388","motivation","goals",NA,NA,NA,NA,NA,NA,"goals/social status"
"389","motivation","goals",NA,NA,NA,NA,NA,NA,"goals/social approval"
"390","motivation","goals",NA,NA,NA,NA,NA,NA,"goals/social concern"
"391","motivation","goals",NA,NA,NA,NA,NA,NA,"goals/social status"
"392","motivation","goals",NA,NA,NA,NA,NA,NA,"goals/social concern"
"393","motivation","goals",NA,NA,NA,NA,NA,NA,"goals/outcome"
"394","demotivation","utility","school",NA,NA,"school",NA,NA,"value/utility/school utility"
"395","demotivation","different",NA,NA,NA,NA,NA,NA,"other factors"
"396","demotivation","expectancy",NA,NA,NA,NA,NA,NA,"expectancy"
"397","demotivation","different",NA,NA,NA,NA,NA,NA,"other factors"
"398","demotivation","negative",NA,NA,NA,NA,NA,NA,"costs/emotional"
"399","demotivation","expectancy",NA,NA,NA,NA,NA,NA,"expectancy"
"400","demotivation","different",NA,NA,NA,NA,NA,NA,"other factors"
"401","demotivation","utility","useless",NA,NA,"useless",NA,NA,"value/utility/useless"
"402","demotivation","different",NA,NA,NA,NA,NA,NA,"other factors"
"403","demotivation","opportunity",NA,NA,NA,NA,NA,NA,"costs/opportunity"
"404",NA,NA,NA,NA,NA,NA,NA,NA,NA
"405","motivation","expectancy",NA,NA,NA,NA,NA,NA,"expectancy"
"406","motivation","expectancy",NA,NA,NA,NA,NA,NA,"expectancy"
"407","motivation","positive",NA,NA,NA,NA,NA,NA,"value/intrinsic"
"408","motivation","positive",NA,NA,NA,NA,NA,NA,"value/intrinsic"
"409","motivation","expectancy",NA,NA,NA,NA,NA,NA,"expectancy"
"410","motivation","different",NA,NA,NA,NA,NA,NA,"consequence"
"411","motivation","task difficulty",NA,NA,NA,NA,NA,NA,"costs/effort"
"412","motivation","goals",NA,NA,NA,NA,NA,NA,"goals/outcome"
"413","demotivation","task difficulty",NA,NA,NA,NA,NA,NA,"costs/effort"
"414","demotivation","task difficulty",NA,NA,NA,NA,NA,NA,"costs/effort"
"415","motivation","expectancy",NA,NA,NA,NA,NA,NA,"expectancy"
"416","motivation","task difficulty",NA,NA,NA,NA,NA,NA,"costs/effort"
"417",NA,NA,NA,NA,NA,NA,NA,NA,NA
"418","demotivation","task difficulty",NA,NA,NA,NA,NA,NA,"costs/effort"
"419","demotivation","task difficulty",NA,NA,NA,NA,NA,NA,"costs/effort"
"420","motivation","expectancy",NA,NA,NA,NA,NA,NA,"expectancy"
"421","motivation","expectancy",NA,NA,NA,NA,NA,NA,"expectancy"
"422","demotivation","expectancy",NA,NA,NA,NA,NA,NA,"expectancy"
"423","demotivation","task difficulty",NA,NA,NA,NA,NA,NA,"costs/effort"
"424","motivation","expectancy",NA,NA,NA,NA,NA,NA,"expectancy"
"425","motivation","utility","school",NA,NA,"school",NA,NA,"value/utility/school utility"
"426","motivation","utility","school",NA,NA,"school",NA,NA,"value/utility/school utility"
"427","motivation","utility","school",NA,NA,"school",NA,NA,"value/utility/school utility"
"428","motivation","utility","learning",NA,NA,"school",NA,NA,"value/utility/learning utility"
"429","motivation","utility","school",NA,NA,"school",NA,NA,"value/utility/school utility"
"430","motivation","utility","school",NA,NA,"school",NA,NA,"value/utility/school utility"
"431","motivation","utility","school",NA,NA,"school",NA,NA,"value/utility/school utility"
"432","demotivation","expectancy",NA,NA,NA,NA,NA,NA,"expectancy"
"433","demotivation","expectancy",NA,NA,NA,NA,NA,NA,"expectancy"
"434","demotivation","expectancy",NA,NA,NA,NA,NA,NA,"expectancy"
"435","demotivation","expectancy",NA,NA,NA,NA,NA,NA,"expectancy"
"436","demotivation","task difficulty",NA,NA,NA,NA,NA,NA,"costs/effort"
"437","demotivation","task difficulty",NA,NA,NA,NA,NA,NA,"costs/effort"
"438","demotivation","expectancy",NA,NA,NA,NA,NA,NA,"expectancy"
"439","demotivation","different",NA,NA,NA,NA,NA,NA,"consequence"
"440","demotivation","negative",NA,NA,NA,NA,NA,NA,"costs/emotional"
"441","demotivation","negative",NA,NA,NA,NA,NA,NA,"costs/emotional"
"442","demotivation","different",NA,NA,NA,NA,NA,NA,"consequence"
"443","demotivation","expectancy",NA,NA,NA,NA,NA,NA,"expectancy"
"444","demotivation","expectancy",NA,NA,NA,NA,NA,NA,"expectancy"
"445","demotivation","different",NA,NA,NA,NA,NA,NA,"other factors"
"446","motivation","task difficulty",NA,NA,NA,NA,NA,NA,"costs/effort"
"447","motivation","utility","school",NA,NA,"school",NA,NA,"value/utility/school utility"
"448","motivation","expectancy",NA,NA,NA,NA,NA,NA,"other factors"
"449","motivation","expectancy",NA,NA,NA,NA,NA,NA,"expectancy"
"450","motivation","utility","learning",NA,NA,"learning",NA,NA,"value/utility/learning utility"
"451","motivation","utility","learning",NA,NA,"learning",NA,NA,"value/utility/learning utility"
"452","motivation","utility","learning",NA,NA,"learning",NA,NA,"value/utility/learning utility"
"453","motivation","utility","school",NA,NA,"school",NA,NA,"value/utility/school utility"
"454","motivation","goals",NA,NA,NA,NA,NA,NA,"value/utility/social utility"
"455",NA,NA,NA,NA,NA,NA,NA,NA,NA
"456","demotivation","expectancy",NA,NA,NA,NA,NA,NA,"expectancy"
"457","demotivation","expectancy",NA,NA,NA,NA,NA,NA,"expectancy"
"458","demotivation","task difficulty",NA,NA,NA,NA,NA,NA,"costs/effort"
"459","demotivation","expectancy",NA,NA,NA,NA,NA,NA,"expectancy"
"460","demotivation","task difficulty",NA,NA,NA,NA,NA,NA,"costs/effort"
"461","demotivation","task difficulty",NA,NA,NA,NA,NA,NA,"costs/effort"
"462","demotivation","different",NA,NA,NA,NA,NA,NA,"consequence"
"463","demotivation","expectancy",NA,NA,NA,NA,NA,NA,"expectancy"
"464","demotivation","different",NA,NA,NA,NA,NA,NA,"consequence"
"465","demotivation","expectancy",NA,NA,NA,NA,NA,NA,"expectancy"
"466","no",NA,NA,NA,NA,NA,NA,NA,NA
"467","no",NA,NA,NA,NA,NA,NA,NA,NA
"468","no",NA,NA,NA,NA,NA,NA,NA,NA
"469","motivation","expectancy",NA,NA,NA,NA,NA,NA,"expectancy"
"470","motivation","expectancy",NA,NA,NA,NA,NA,NA,"expectancy"
"471","motivation","expectancy",NA,NA,NA,NA,NA,NA,"expectancy"
"472","motivation","positive",NA,NA,NA,NA,NA,NA,"value/intrinsic"
"473","motivation","expectancy",NA,NA,NA,NA,NA,NA,"expectancy"
"474","motivation","positive",NA,NA,NA,NA,NA,NA,"value/intrinsic"
"475","motivation","expectancy",NA,NA,NA,NA,NA,NA,"expectancy"
"476","motivation","expectancy",NA,NA,NA,NA,NA,NA,"expectancy"
"477","motivation","positive",NA,NA,NA,NA,NA,NA,"value/intrinsic"
"478","motivation","expectancy",NA,NA,NA,NA,NA,NA,"expectancy"
"479","motivation","expectancy",NA,NA,NA,NA,NA,NA,"expectancy"
"480","motivation","expectancy",NA,NA,NA,NA,NA,NA,"expectancy"
"481","motivation","expectancy",NA,NA,NA,NA,NA,NA,"expectancy"
"482","motivation","positive",NA,NA,NA,NA,NA,NA,"value/intrinsic"
"483","motivation","positive",NA,NA,NA,NA,NA,NA,"value/intrinsic"
"484","motivation","expectancy",NA,NA,NA,NA,NA,NA,"expectancy"
"485","motivation","positive",NA,NA,NA,NA,NA,NA,"value/intrinsic"
"486","motivation","positive",NA,NA,NA,NA,NA,NA,"value/intrinsic"
"487","motivation","expectancy",NA,NA,NA,NA,NA,NA,"expectancy"
"488","motivation","positive",NA,NA,NA,NA,NA,NA,"value/intrinsic"
"489","motivation","expectancy",NA,NA,NA,NA,NA,NA,"expectancy"
"490","motivation","positive",NA,NA,NA,NA,NA,NA,"value/intrinsic"
"491","motivation","expectancy",NA,NA,NA,NA,NA,NA,"expectancy"
"492","motivation","positive",NA,NA,NA,NA,NA,NA,"value/intrinsic"
"493","motivation","positive",NA,NA,NA,NA,NA,NA,"value/intrinsic"
"494","demotivation","different",NA,NA,NA,NA,NA,NA,"other factors"
"495","demotivation","expectancy",NA,NA,NA,NA,NA,NA,"expectancy"
"496","demotivation","negative",NA,NA,NA,NA,NA,NA,"costs/emotional"
"497","demotivation","different",NA,NA,NA,NA,NA,NA,"other factors"
"498","demotivation","expectancy",NA,NA,NA,NA,NA,NA,"expectancy"
"499","demotivation","different",NA,NA,NA,NA,NA,NA,"other factors"
"500","demotivation","different",NA,NA,NA,NA,NA,NA,"other factors"
"501","demotivation","different",NA,NA,NA,NA,NA,NA,"other factors"
"502","demotivation","different",NA,NA,NA,NA,NA,NA,"costs/emotional"
"503","demotivation","different",NA,NA,NA,NA,NA,NA,"other factors"
"504","demotivation","different",NA,NA,NA,NA,NA,NA,"other factors"
"505","motivation","positive",NA,NA,NA,NA,NA,NA,"value/intrinsic"
"506","motivation","positive",NA,NA,NA,NA,NA,NA,"value/intrinsic"
"507","motivation","goals",NA,NA,NA,NA,NA,NA,"goals/social status"
"508","motivation","positive",NA,NA,NA,NA,NA,NA,"value/intrinsic"
"509","motivation","expectancy",NA,NA,NA,NA,NA,NA,"expectancy"
"510","motivation","positive",NA,NA,NA,NA,NA,NA,"value/intrinsic"
"511","motivation","positive",NA,NA,NA,NA,NA,NA,"value/intrinsic"
"512","motivation","expectancy",NA,NA,NA,NA,NA,NA,"expectancy"
"513","motivation","positive",NA,NA,NA,NA,NA,NA,"value/intrinsic"
"514","motivation","positive",NA,NA,NA,NA,NA,NA,"value/intrinsic"
"515","motivation","positive",NA,NA,NA,NA,NA,NA,"value/intrinsic"
"516","motivation","positive",NA,NA,NA,NA,NA,NA,"value/intrinsic"
"517",NA,NA,NA,NA,NA,NA,NA,NA,NA
"518","motivation","goals",NA,NA,NA,NA,NA,NA,"goals/outcome"
"519","motivation","expectancy",NA,NA,NA,NA,NA,NA,"expectancy"
"520","motivation","different",NA,NA,NA,NA,NA,NA,"consequence"
"521","motivation","expectancy",NA,NA,NA,NA,NA,NA,"expectancy"
"522","motivation","positive",NA,NA,NA,NA,NA,NA,"value/intrinsic"
"523","motivation","expectancy",NA,NA,NA,NA,NA,NA,"consequence"
"524","motivation","positive",NA,NA,NA,NA,NA,NA,"value/intrinsic"
"525","motivation","different",NA,NA,NA,NA,NA,NA,"value/utility/social utility"
"526","demotivation","expectancy",NA,NA,NA,NA,NA,NA,"expectancy"
"527","demotivation","expectancy",NA,NA,NA,NA,NA,NA,"expectancy"
"528","demotivation","negative",NA,NA,NA,NA,NA,NA,"costs/emotional"
"529","demotivation","negative",NA,NA,NA,NA,NA,NA,"costs/emotional"
"530","demotivation","negative",NA,NA,NA,NA,NA,NA,"costs/emotional"
"531","demotivation","different",NA,NA,NA,NA,NA,NA,"other factors"
"532","motivation","expectancy",NA,NA,NA,NA,NA,NA,"expectancy"
"533","motivation","different",NA,NA,NA,NA,NA,NA,"other factors"
"534","demotivation","expectancy",NA,NA,NA,NA,NA,NA,"expectancy"
"535","demotivation","different",NA,NA,NA,NA,NA,NA,"consequence"
"536",NA,NA,NA,NA,NA,NA,NA,NA,NA
"537",NA,NA,NA,NA,NA,NA,NA,NA,NA
"538","demotivation","negative",NA,NA,NA,NA,NA,NA,"costs/emotional"
"539","motivation","different",NA,NA,NA,NA,NA,NA,"other factors"
"540","motivation","different",NA,NA,NA,NA,NA,NA,"consequence"
"541","motivation","different",NA,NA,NA,NA,NA,NA,"consequence"
"542","demotivation","different",NA,NA,NA,NA,NA,NA,"other factors"
"543","motivation","positive",NA,NA,NA,NA,NA,NA,"value/intrinsic"
"544","demotivation","different",NA,NA,NA,NA,NA,NA,"consequence"
"545","motivation","different",NA,NA,NA,NA,NA,NA,"consequence"
"546","demotivation","utility","school",NA,NA,"school",NA,NA,"value/utility/school utility"
"547","demotivation","different",NA,NA,NA,NA,NA,NA,"other factors"
"548","demotivation","different",NA,NA,NA,NA,NA,NA,"consequence"
"549","demotivation","different",NA,NA,NA,NA,NA,NA,"consequence"
"550","demotivation","expectancy",NA,NA,NA,NA,NA,NA,"expectancy"
"551","demotivation","expectancy",NA,NA,NA,NA,NA,NA,"consequence"
"552","demotivation","negative",NA,NA,NA,NA,NA,NA,"costs/emotional"
"553","demotivation","expectancy",NA,NA,NA,NA,NA,NA,"expectancy"
"554","demotivation","expectancy",NA,NA,NA,NA,NA,NA,"expectancy"
"555","demotivation","different",NA,NA,NA,NA,NA,NA,"other factors"
"556","motivation","different",NA,NA,NA,NA,NA,NA,"consequence"
"557","demotivation","expectancy",NA,NA,NA,NA,NA,NA,"expectancy"
"558","demotivation","expectancy",NA,NA,NA,NA,NA,NA,"expectancy"
"559","demotivation","expectancy",NA,NA,NA,NA,NA,NA,"expectancy"
"560",NA,NA,NA,NA,NA,NA,NA,NA,NA
"561","motivation","expectancy",NA,NA,NA,NA,NA,NA,"expectancy"
"562","motivation","positive",NA,NA,NA,NA,NA,NA,"value/intrinsic"
"563","motivation","expectancy",NA,NA,NA,NA,NA,NA,"expectancy"
"564","motivation","expectancy",NA,NA,NA,NA,NA,NA,"expectancy"
"565","motivation","goals",NA,NA,NA,NA,NA,NA,"goals/social status"
"566","motivation","positive",NA,NA,NA,NA,NA,NA,"value/intrinsic"
"567","motivation","goals",NA,NA,NA,NA,NA,NA,"goals/outcome"
"568","motivation","goals",NA,NA,NA,NA,NA,NA,"goals/mastery"
"569","motivation","goals",NA,NA,NA,NA,NA,NA,"goals/social status"
"570","motivation","goals",NA,NA,NA,NA,NA,NA,"goals/social approval"
"571","motivation","positive",NA,NA,NA,NA,NA,NA,"value/intrinsic"
"572","motivation","different",NA,NA,NA,NA,NA,NA,"consequence"
"573","motivation","different",NA,NA,NA,NA,NA,NA,"other factors"
"574","demotivation","different",NA,NA,NA,NA,NA,NA,"other factors"
"575","demotivation","expectancy",NA,NA,NA,NA,NA,NA,"expectancy"
"576","demotivation","different",NA,NA,NA,NA,NA,NA,"other factors"
"577","demotivation","different",NA,NA,NA,NA,NA,NA,"other factors"
"578","demotivation","different",NA,NA,NA,NA,NA,NA,"other factors"
"579","demotivation","different",NA,NA,NA,NA,NA,NA,"other factors"
"580","demotivation","different",NA,NA,NA,NA,NA,NA,"consequence"
"581","demotivation","negative",NA,NA,NA,NA,NA,NA,"costs/emotional"
"582","demotivation","negative",NA,NA,NA,NA,NA,NA,"costs/emotional"
"583","demotivation","negative",NA,NA,NA,NA,NA,NA,"costs/emotional"
"584","demotivation","different",NA,NA,NA,NA,NA,NA,"consequence"
"585","motivation","positive",NA,NA,NA,NA,NA,NA,"value/intrinsic"
"586",NA,NA,NA,NA,NA,NA,NA,NA,NA
"587","motivation","different",NA,NA,NA,NA,NA,NA,"consequence"
"588","motivation","expectancy",NA,NA,NA,NA,NA,NA,"expectancy"
"589","motivation","positive",NA,NA,NA,NA,NA,NA,"value/intrinsic"
"590","motivation","utility","learning",NA,NA,"school",NA,NA,"value/utility/learning utility"
"591",NA,NA,NA,NA,NA,NA,NA,NA,NA
"592","motivation","expectancy",NA,NA,NA,NA,NA,NA,"expectancy"
"593","motivation","utility","not specified",NA,NA,"not specified",NA,NA,"value/utility/other"
"594","motivation","utility","social",NA,NA,"social",NA,NA,"value/utility/social utility"
"595",NA,NA,NA,NA,NA,NA,NA,NA,NA
"596",NA,NA,NA,NA,NA,NA,NA,NA,NA
"597",NA,NA,NA,NA,NA,NA,NA,NA,NA
"598",NA,NA,NA,NA,NA,NA,NA,NA,NA
"599",NA,NA,NA,NA,NA,NA,NA,NA,NA
"600","motivation","expectancy",NA,NA,NA,NA,NA,NA,"expectancy"
"601","motivation","different",NA,NA,NA,NA,NA,NA,"other factors"
"602","motivation","different",NA,NA,NA,NA,NA,NA,"other factors"
"603","motivation","different",NA,NA,NA,NA,NA,NA,"consequence"
"604","motivation","different",NA,NA,NA,NA,NA,NA,"other factors"
"605","motivation","different",NA,NA,NA,NA,NA,NA,"other factors"
"606","motivation","positive",NA,NA,NA,NA,NA,NA,"value/intrinsic"
"607","motivation","expectancy",NA,NA,NA,NA,NA,NA,"expectancy"
"608","motivation","goals",NA,NA,NA,NA,NA,NA,"goals/mastery"
"609","motivation","goals",NA,NA,NA,NA,NA,NA,"goals/social status"
"610","motivation","goals",NA,NA,NA,NA,NA,NA,"goals/social status"
"611","motivation","goals",NA,NA,NA,NA,NA,NA,"goals/social status"
"612","demotivation","task difficulty",NA,NA,NA,NA,NA,NA,"costs/effort"
"613","demotivation","expectancy",NA,NA,NA,NA,NA,NA,"expectancy"
"614","demotivation","task difficulty",NA,NA,NA,NA,NA,NA,"costs/effort"
"615","demotivation","different",NA,NA,NA,NA,NA,NA,"other factors"
"616","demotivation","expectancy",NA,NA,NA,NA,NA,NA,"expectancy"
"617","demotivation","negative",NA,NA,NA,NA,NA,NA,"costs/emotional"
"618","demotivation","different",NA,NA,NA,NA,NA,NA,"other factors"
"619","demotivation","expectancy",NA,NA,NA,NA,NA,NA,"expectancy"
"620","demotivation","expectancy",NA,NA,NA,NA,NA,NA,"expectancy"
"621","demotivation","expectancy",NA,NA,NA,NA,NA,NA,"expectancy"
"622","demotivation","expectancy",NA,NA,NA,NA,NA,NA,"expectancy"
"623","demotivation","expectancy",NA,NA,NA,NA,NA,NA,"expectancy"
"624","demotivation","expectancy",NA,NA,NA,NA,NA,NA,"expectancy"
"625","demotivation","opportunity",NA,NA,NA,NA,NA,NA,"costs/opportunity"
"626","motivation","negative",NA,NA,NA,NA,NA,NA,"goals/outcome"
"627","demotivation","expectancy",NA,NA,NA,NA,NA,NA,"expectancy"
"628","demotivation","expectancy",NA,NA,NA,NA,NA,NA,"expectancy"
"629","motivation","utility","general",NA,NA,"general",NA,NA,"value/utility/general"
"630","no",NA,NA,NA,NA,NA,NA,NA,NA
"631","demotivation","expectancy",NA,NA,NA,NA,NA,NA,"expectancy"
"632","demotivation","expectancy",NA,NA,NA,NA,NA,NA,"expectancy"
"633","demotivation","expectancy",NA,NA,NA,NA,NA,NA,"expectancy"
"634","demotivation","different",NA,NA,NA,NA,NA,NA,"consequence"
"635","demotivation","expectancy",NA,NA,NA,NA,NA,NA,"expectancy"
"636","demotivation","expectancy",NA,NA,NA,NA,NA,NA,"expectancy"
"637","demotivation","negative",NA,NA,NA,NA,NA,NA,"costs/emotional"
"638",NA,NA,NA,NA,NA,NA,NA,NA,NA
"639","demotivation","expectancy",NA,NA,NA,NA,NA,NA,"expectancy"
"640","demotivation","different",NA,NA,NA,NA,NA,NA,"other factors"
"641","demotivation","different",NA,NA,NA,NA,NA,NA,"other factors"
"642","demotivation","utility","useless",NA,NA,"useless",NA,NA,"value/utility/useless"
"643","demotivation","utility","useless",NA,NA,"useless",NA,NA,"value/utility/useless"
"644","demotivation","negative",NA,NA,NA,NA,NA,NA,"consequence"
"645","demotivation","negative",NA,NA,NA,NA,NA,NA,"costs/emotional"
"646","demotivation","negative",NA,NA,NA,NA,NA,NA,"costs/emotional"
"647","demotivation","different",NA,NA,NA,NA,NA,NA,"other factors"
"648","demotivation","expectancy",NA,NA,NA,NA,NA,NA,"expectancy"
"649","demotivation","negative",NA,NA,NA,NA,NA,NA,"costs/emotional"
"650","demotivation","negative",NA,NA,NA,NA,NA,NA,"costs/emotional"
"651","demotivation","negative",NA,NA,NA,NA,NA,NA,"costs/emotional"
"652","demotivation","negative",NA,NA,NA,NA,NA,NA,"costs/emotional"
"653","demotivation","different",NA,NA,NA,NA,NA,NA,"consequence"
"654","demotivation","expectancy",NA,NA,NA,NA,NA,NA,"expectancy"
"655","demotivation","different",NA,NA,NA,NA,NA,NA,"consequence"
"656","demotivation","opportunity",NA,NA,NA,NA,NA,NA,"costs/opportunity"
"657","demotivation","expectancy",NA,NA,NA,NA,NA,NA,"expectancy"
"658","demotivation","expectancy",NA,NA,NA,NA,NA,NA,"expectancy"
"659","demotivation",NA,NA,NA,NA,NA,NA,NA,"expectancy"
"660","demotivation","expectancy",NA,NA,NA,NA,NA,NA,"expectancy"
"661","demotivation","expectancy",NA,NA,NA,NA,NA,NA,"expectancy"
"662","motivation","different",NA,NA,NA,NA,NA,NA,"consequence"
"663",NA,NA,NA,NA,NA,NA,NA,NA,NA
"664",NA,NA,NA,NA,NA,NA,NA,NA,NA
"665",NA,NA,NA,NA,NA,NA,NA,NA,NA
"666","motivation","goals",NA,NA,NA,NA,NA,NA,"value/utility/school utility"
"667","motivation","expectancy",NA,NA,NA,NA,NA,NA,"expectancy"
"668","motivation","utility","not specified",NA,NA,"not specified",NA,NA,"value/utility/other"
"669","motivation","expectancy",NA,NA,NA,NA,NA,NA,"expectancy"
"670","motivation","positive",NA,NA,NA,NA,NA,NA,"value/intrinsic"
"671","motivation","expectancy",NA,NA,NA,NA,NA,NA,"expectancy"
"672","motivation","goals",NA,NA,NA,NA,NA,NA,"goals/outcome"
"673","motivation","goals",NA,NA,NA,NA,NA,NA,"goals/social approval"
"674","motivation","different",NA,NA,NA,NA,NA,NA,"consequence"
"675","motivation","utility","learning",NA,NA,"learning",NA,NA,"value/utility/learning utility"
"676","motivation","utility","daily life",NA,NA,"daily life",NA,NA,"value/utility/daily life"
"677","motivation","utility","not specified",NA,NA,"not specified",NA,NA,"value/utility/other"
"678","demotivation","expectancy",NA,NA,NA,NA,NA,NA,"expectancy"
"679","demotivation","different",NA,NA,NA,NA,NA,NA,"consequence"
"680","motivation","utility","school",NA,NA,"school",NA,NA,"value/utility/school utility"
"681","motivation","different",NA,NA,NA,NA,NA,NA,"other factors"
"682","motivation","goals",NA,NA,NA,NA,NA,NA,"goals/outcome"
"683","motivation","goals",NA,NA,NA,NA,NA,NA,"goals/social approval"
"684","motivation","goals",NA,NA,NA,NA,NA,NA,"goals/normative"
"685","motivation","different",NA,NA,NA,NA,NA,NA,"consequence"
"686","demotivation","different",NA,NA,NA,NA,NA,NA,"consequence"
"687","motivation","expectancy",NA,NA,NA,NA,NA,NA,"expectancy"
"688","motivation","goals",NA,NA,NA,NA,NA,NA,"goals/social status"
"689","motivation","goals",NA,NA,NA,NA,NA,NA,"goals/mastery"
"690","motivation","expectancy",NA,NA,NA,NA,NA,NA,"expectancy"
"691","motivation","different",NA,NA,NA,NA,NA,NA,"value/utility/school utility"
"692","motivation","positive",NA,NA,NA,NA,NA,NA,"value/intrinsic"
"693","motivation","positive",NA,NA,NA,NA,NA,NA,"value/intrinsic"
"694","motivation","positive",NA,NA,NA,NA,NA,NA,"value/intrinsic"
"695","motivation","positive",NA,NA,NA,NA,NA,NA,"value/intrinsic"
"696","motivation","positive",NA,NA,NA,NA,NA,NA,"value/intrinsic"
"697","motivation","positive",NA,NA,NA,NA,NA,NA,"value/intrinsic"
"698","no",NA,NA,NA,NA,NA,NA,NA,NA
"699","motivation","expectancy",NA,NA,NA,NA,NA,NA,"expectancy"
"700","motivation","utility","learning",NA,NA,"learning",NA,NA,"value/utility/school utility"
"701",NA,NA,NA,NA,NA,NA,NA,NA,NA
"702","motivation","goals",NA,NA,NA,NA,NA,NA,"goals/social status"
"703","motivation","expectancy",NA,NA,NA,NA,NA,NA,"expectancy"
"704","motivation","different",NA,NA,NA,NA,NA,NA,"goals/social approval"
"705","motivation","different",NA,NA,NA,NA,NA,NA,"consequence"
"706","motivation","utility","general",NA,NA,"general",NA,NA,"consequence"
"707","motivation","utility","general",NA,NA,"not specified","general",NA,"value/utility/other"
"708","motivation","utility","school","social",NA,"school","social",NA,"value/utility/school utility"
"709","motivation","utility","school","social",NA,"school","social",NA,"value/utility/social utility"
"710","motivation","utility","social",NA,NA,"social",NA,NA,"value/utility/social utility"
"711","motivation","goals",NA,NA,NA,NA,NA,NA,"value/utility/social utility"
"712","motivation","utility","social",NA,NA,"social",NA,NA,"value/utility/social utility"
"713",NA,NA,NA,NA,NA,NA,NA,NA,NA
"714","motivation","goals",NA,NA,NA,NA,NA,NA,"value/utility/school utility"
"715","motivation","different",NA,NA,NA,NA,NA,NA,"consequence"
"716","motivation","goals",NA,NA,NA,NA,NA,NA,"value/utility/learning utility"
"717","motivation","goals",NA,NA,NA,NA,NA,NA,"value/utility/school utility"
"718","motivation","goals",NA,NA,NA,NA,NA,NA,"value/utility/school utility"
"719","motivation","positive",NA,NA,NA,NA,NA,NA,"value/intrinsic"
"720","motivation","positive",NA,NA,NA,NA,NA,NA,"value/intrinsic"
"721","motivation","goals",NA,NA,NA,NA,NA,NA,"value/utility/learning utility"
"722","motivation","goals",NA,NA,NA,NA,NA,NA,"goals/outcome"
"723","motivation","goals",NA,NA,NA,NA,NA,NA,"value/utility/school utility"
"724","motivation","utility","school",NA,NA,"school",NA,NA,"value/utility/school utility"
"725","motivation","utility","school",NA,NA,"school",NA,NA,"value/utility/school utility"
"726","motivation","expectancy",NA,NA,NA,NA,NA,NA,"expectancy"
"727","motivation","positive",NA,NA,NA,NA,NA,NA,"value/intrinsic"
"728","motivation","different",NA,NA,NA,NA,NA,NA,"consequence"
"729","motivation","utility","school",NA,NA,"school",NA,NA,"value/utility/school utility"
"730",NA,NA,NA,NA,NA,NA,NA,NA,NA
"731","motivation","utility","learning",NA,NA,"learning",NA,NA,"value/utility/school utility"
"732","motivation","utility","not specified",NA,NA,"not specified",NA,NA,"value/utility/other"
"733","motivation","utility","learning","social",NA,"learning","social",NA,"value/utility/learning utility"
"734","motivation","utility","learning","social",NA,"learning","social",NA,"value/utility/social utility"
"735","motivation","utility",NA,NA,NA,NA,NA,NA,"consequence"
"736","motivation","utility","school",NA,NA,"school",NA,NA,"value/utility/school utility"
"737","motivation","utility","general",NA,NA,"general",NA,NA,"value/utility/general"
"738","motivation","utility","learning",NA,NA,"learning",NA,NA,"value/utility/learning utility"
"739","motivation","utility","general","not specified",NA,"general","not specified",NA,"value/utility/general"
"740","motivation","utility","general","not specified",NA,"general","not specified",NA,"value/utility/other"
"741","demotivation","expectancy",NA,NA,NA,NA,NA,NA,"expectancy"
"742","demotivation","different",NA,NA,NA,NA,NA,NA,"consequence"
"743","demotivation","expectancy",NA,NA,NA,NA,NA,NA,"expectancy"
"744","demotivation","negative",NA,NA,NA,NA,NA,NA,"costs/emotional"
"745","demotivation","expectancy",NA,NA,NA,NA,NA,NA,"expectancy"
"746","demotivation","different",NA,NA,NA,NA,NA,NA,"consequence"
"747","demotivation","different",NA,NA,NA,NA,NA,NA,"consequence"
"748","motivation","utility","school",NA,NA,"school",NA,NA,"value/utility/school utility"
"749","motivation","utility","school",NA,NA,"school",NA,NA,"value/utility/school utility"
"750","motivation","utility","school",NA,NA,"school",NA,NA,"value/utility/other"
"751","motivation","utility","daily life",NA,NA,"daily life",NA,NA,"value/utility/daily life"
"752","motivation","positive",NA,NA,NA,NA,NA,NA,"value/intrinsic"
"753","motivation","utility","learning",NA,NA,"learning",NA,NA,"value/utility/learning utility"
"754","motivation","utility","school",NA,NA,"school",NA,NA,"consequence"
"755","motivation","utility","learning",NA,NA,"learning",NA,NA,"value/utility/learning utility"
"756","motivation","goals",NA,NA,NA,NA,NA,NA,"goals/social status"
"757","motivation","goals",NA,NA,NA,NA,NA,NA,"goals/social status"
"758","motivation","utility","school",NA,NA,"school",NA,NA,"value/utility/school utility"
"759","motivation","different",NA,NA,NA,NA,NA,NA,"value/utility/learning utility"
"760","motivation","utility","social",NA,NA,"social",NA,NA,"value/utility/social utility"
"761","motivation","utility","school",NA,NA,"school",NA,NA,"value/utility/school utility"
"762","motivation","utility","general","social",NA,"general","social",NA,"value/utility/general"
"763","motivation","utility","general","social",NA,"general","social",NA,"value/utility/social utility"
"764","motivation","expectancy",NA,NA,NA,NA,NA,NA,"expectancy"
"765","motivation","different",NA,NA,NA,NA,NA,NA,"other factors"
"766","motivation","expectancy",NA,NA,NA,NA,NA,NA,"expectancy"
"767","motivation","positive",NA,NA,NA,NA,NA,NA,"value/intrinsic"
"768","motivation","positive",NA,NA,NA,NA,NA,NA,"value/intrinsic"
"769","motivation","different",NA,NA,NA,NA,NA,NA,"consequence"
"770","motivation","expectancy",NA,NA,NA,NA,NA,NA,"expectancy"
"771","motivation","expectancy",NA,NA,NA,NA,NA,NA,"expectancy"
"772","motivation","different",NA,NA,NA,NA,NA,NA,"other factors"
"773","motivation","different",NA,NA,NA,NA,NA,NA,"consequence"
"774","motivation","different",NA,NA,NA,NA,NA,NA,"other factors"
"775","motivation","different",NA,NA,NA,NA,NA,NA,"other factors"
"776","motivation","utility","school",NA,NA,"school",NA,NA,"value/utility/school utility"
"777","motivation","goals",NA,NA,NA,NA,NA,NA,"goals/mastery"
"778",NA,NA,NA,NA,NA,NA,NA,NA,NA
"779","demotivation","expectancy",NA,NA,NA,NA,NA,NA,"expectancy"
"780","demotivation","task difficulty",NA,NA,NA,NA,NA,NA,"costs/effort"
"781","demotivation","utility","useless",NA,NA,"useless",NA,NA,"value/utility/useless"
"782","demotivation","different",NA,NA,NA,NA,NA,NA,"consequence"
"783","motivation","positive",NA,NA,NA,NA,NA,NA,"value/intrinsic"
"784",NA,NA,NA,NA,NA,NA,NA,NA,NA
"785","no",NA,NA,NA,NA,NA,NA,NA,NA
"786",NA,NA,NA,NA,NA,NA,NA,NA,NA
"787","demotivation","different",NA,NA,NA,NA,NA,NA,"other factors"
"788",NA,NA,NA,NA,NA,NA,NA,NA,NA
"789","motivation","positive",NA,NA,NA,NA,NA,NA,"value/intrinsic"
"790","motivation","expectancy",NA,NA,NA,NA,NA,NA,"expectancy"
"791","motivation","positive",NA,NA,NA,NA,NA,NA,"value/intrinsic"
"792","no",NA,NA,NA,NA,NA,NA,NA,NA
"793",NA,NA,NA,NA,NA,NA,NA,NA,NA
"794",NA,NA,NA,NA,NA,NA,NA,NA,NA
"795","motivation",NA,NA,NA,NA,NA,NA,NA,"value/utility/school utility"
"796","motivation","different",NA,NA,NA,NA,NA,NA,"other factors"
"797","motivation","expectancy",NA,NA,NA,NA,NA,NA,"expectancy"
"798","motivation","expectancy",NA,NA,NA,NA,NA,NA,"expectancy"
"799","motivation","utility","learning",NA,NA,"learning",NA,NA,"value/utility/learning utility"
"800",NA,NA,NA,NA,NA,NA,NA,NA,NA
"801","motivation","positive",NA,NA,NA,NA,NA,NA,"value/intrinsic"
"802","motivation","different",NA,NA,NA,NA,NA,NA,"other factors"
"803","motivation","goals",NA,NA,NA,NA,NA,NA,"goals/social status"
"804","motivation","expectancy",NA,NA,NA,NA,NA,NA,"expectancy"
"805","motivation","positive",NA,NA,NA,NA,NA,NA,"value/intrinsic"
"806","demotivation","expectancy",NA,NA,NA,NA,NA,NA,"expectancy"
"807","demotivation","different",NA,NA,NA,NA,NA,NA,"other factors"
"808","demotivation","different",NA,NA,NA,NA,NA,NA,"other factors"
"809","demotivation","different",NA,NA,NA,NA,NA,NA,"other factors"
"810",NA,NA,NA,NA,NA,NA,NA,NA,NA
"811","demotivation","expectancy",NA,NA,NA,NA,NA,NA,"expectancy"
"812","demotivation","expectancy",NA,NA,NA,NA,NA,NA,"expectancy"
"813","demotivation","different",NA,NA,NA,NA,NA,NA,"costs/emotional"
"814",NA,NA,NA,NA,NA,NA,NA,NA,NA
"815",NA,NA,NA,NA,NA,NA,NA,NA,NA
"816","demotivation","different",NA,NA,NA,NA,NA,NA,"other factors"
"817",NA,NA,NA,NA,NA,NA,NA,NA,NA
"818","demotivation","different",NA,NA,NA,NA,NA,NA,"other factors"
"819","demotivation","different",NA,NA,NA,NA,NA,NA,"other factors"
"820","demotivation","different",NA,NA,NA,NA,NA,NA,"consequence"
"821","motivation","expectancy",NA,NA,NA,NA,NA,NA,"expectancy"
"822","motivation","positive",NA,NA,NA,NA,NA,NA,"value/intrinsic"
"823","motivation","goals",NA,NA,NA,NA,NA,NA,"goals/outcome"
"824","motivation","goals",NA,NA,NA,NA,NA,NA,"goals/mastery"
"825","motivation","different",NA,NA,NA,NA,NA,NA,"other factors"
"826","motivation","different",NA,NA,NA,NA,NA,NA,"consequence"
"827","motivation","different",NA,NA,NA,NA,NA,NA,"consequence"
"828","motivation","utility","school",NA,NA,"school",NA,NA,"value/utility/school utility"
"829","motivation","utility","learning",NA,NA,"learning",NA,NA,"value/utility/learning utility"
"830","motivation","different",NA,NA,NA,NA,NA,NA,"consequence"
"831","demotivation","different",NA,NA,NA,NA,NA,NA,"consequence"
"832","demotivation","task difficulty",NA,NA,NA,NA,NA,NA,"costs/effort"
"833","demotivation","expectancy",NA,NA,NA,NA,NA,NA,"expectancy"
"834",NA,NA,NA,NA,NA,NA,NA,NA,NA
"835","motivation","utility","school",NA,NA,"school",NA,NA,"value/utility/school utility"
"836","demotivation","task difficulty",NA,NA,NA,NA,NA,NA,"costs/effort"
"837","demotivation","expectancy",NA,NA,NA,NA,NA,NA,"expectancy"
"838","demotivation","negative",NA,NA,NA,NA,NA,NA,"costs/emotional"
"839","demotivation","utility","useless",NA,NA,"useless",NA,NA,"value/utility/useless"
"840","demotivation","different",NA,NA,NA,NA,NA,NA,"other factors"
"841","demotivation","expectancy",NA,NA,NA,NA,NA,NA,"expectancy"
"842","demotivation","different",NA,NA,NA,NA,NA,NA,"other factors"
"843","demotivation","different",NA,NA,NA,NA,NA,NA,"other factors"
"844",NA,NA,NA,NA,NA,NA,NA,NA,NA
"845","demotivation","expectancy",NA,NA,NA,NA,NA,NA,"expectancy"
"846","demotivation","different",NA,NA,NA,NA,NA,NA,"other factors"
"847",NA,NA,NA,NA,NA,NA,NA,NA,NA
"848",NA,NA,NA,NA,NA,NA,NA,NA,NA
"849","demotivation","different",NA,NA,NA,NA,NA,NA,"other factors"
"850","demotivation","negative",NA,NA,NA,NA,NA,NA,"costs/emotional"
"851","demotivation","different",NA,NA,NA,NA,NA,NA,"other factors"
"852","demotivation","different",NA,NA,NA,NA,NA,NA,"other factors"
"853","demotivation","different",NA,NA,NA,NA,NA,NA,"other factors"
"854","demotivation","different",NA,NA,NA,NA,NA,NA,"other factors"
"855","demotivation","negative",NA,NA,NA,NA,NA,NA,"costs/emotional"
"856","demotivation","different",NA,NA,NA,NA,NA,NA,"other factors"
"857","demotivation","different",NA,NA,NA,NA,NA,NA,"other factors"
"858","demotivation","expectancy",NA,NA,NA,NA,NA,NA,"expectancy"
"859","motivation","positive",NA,NA,NA,NA,NA,NA,"value/intrinsic"
"860","motivation","expectancy",NA,NA,NA,NA,NA,NA,"expectancy"
"861","motivation","expectancy",NA,NA,NA,NA,NA,NA,"expectancy"
"862","motivation","positive",NA,NA,NA,NA,NA,NA,"value/intrinsic"
"863",NA,NA,NA,NA,NA,NA,NA,NA,NA
"864",NA,NA,NA,NA,NA,NA,NA,NA,NA
"865","demotivation","utility","useless",NA,NA,"useless",NA,NA,"value/utility/useless"
"866","demotivation","negative",NA,NA,NA,NA,NA,NA,"costs/emotional"
"867","demotivation","different",NA,NA,NA,NA,NA,NA,"other factors"
"868","demotivation","expectancy",NA,NA,NA,NA,NA,NA,"expectancy"
"869","demotivation","utility","useless",NA,NA,"useless",NA,NA,"value/utility/useless"
"870","motivation","different",NA,NA,NA,NA,NA,NA,"consequence"
"871","motivation","goals",NA,NA,NA,NA,NA,NA,"goals/mastery"
"872","motivation","goals",NA,NA,NA,NA,NA,NA,"goals/mastery"
"873","motivation","positive",NA,NA,NA,NA,NA,NA,"value/intrinsic"
"874","motivation","goals",NA,NA,NA,NA,NA,NA,"goals/social status"
"875","motivation","utility","learning",NA,NA,"learning",NA,NA,"value/utility/learning utility"
"876","motivation","positive",NA,NA,NA,NA,NA,NA,"value/intrinsic"
"877","motivation","goals",NA,NA,NA,NA,NA,NA,"goals/outcome"
"878","motivation","positive",NA,NA,NA,NA,NA,NA,"value/intrinsic"
"879","motivation","different",NA,NA,NA,NA,NA,NA,"consequence"
"880","motivation","different",NA,NA,NA,NA,NA,NA,"consequence"
"881",NA,NA,NA,NA,NA,NA,NA,NA,NA
"882","demotivation","different",NA,NA,NA,NA,NA,NA,"other factors"
"883","demotivation","expectancy",NA,NA,NA,NA,NA,NA,"expectancy"
"884","demotivation","different",NA,NA,NA,NA,NA,NA,"consequence"
"885","demotivation","different",NA,NA,NA,NA,NA,NA,"other factors"
"886","motivation","positive",NA,NA,NA,NA,NA,NA,"value/intrinsic"
"887","motivation","positive",NA,NA,NA,NA,NA,NA,"value/intrinsic"
"888","motivation","utility","not specified",NA,NA,"not specified",NA,NA,"value/utility/other"
"889","motivation","task difficulty",NA,NA,NA,NA,NA,NA,"costs/effort"
"890","motivation","positive",NA,NA,NA,NA,NA,NA,"value/intrinsic"
"891","motivation","positive",NA,NA,NA,NA,NA,NA,"value/intrinsic"
"892","motivation","goals",NA,NA,NA,NA,NA,NA,"goals/evaluative"
"893","motivation","goals",NA,NA,NA,NA,NA,NA,"goals/outcome"
"894","motivation","positive",NA,NA,NA,NA,NA,NA,"value/intrinsic"
"895","motivation","positive",NA,NA,NA,NA,NA,NA,"other factors"
"896","motivation","different",NA,NA,NA,NA,NA,NA,"other factors"
"897","motivation","goals",NA,NA,NA,NA,NA,NA,"goals/outcome"
"898","motivation","expectancy",NA,NA,NA,NA,NA,NA,"expectancy"
"899","motivation","positive",NA,NA,NA,NA,NA,NA,"value/intrinsic"
"900","motivation","different",NA,NA,NA,NA,NA,NA,"other factors"
"901","motivation","utility","learning",NA,NA,"learning",NA,NA,"value/utility/learning utility"
"902","motivation","utility","learning",NA,NA,"school",NA,NA,"value/utility/learning utility"
"903","motivation","expectancy",NA,NA,NA,NA,NA,NA,"expectancy"
"904","motivation","goals",NA,NA,NA,NA,NA,NA,"goals/outcome"
"905","motivation","goals",NA,NA,NA,NA,NA,NA,"goals/social status"
"906","motivation","goals",NA,NA,NA,NA,NA,NA,"goals/outcome"
"907","motivation","goals",NA,NA,NA,NA,NA,NA,"goals/social approval"
"908",NA,NA,NA,NA,NA,NA,NA,NA,NA
"909","motivation","utility","school",NA,NA,"school",NA,NA,"value/utility/school utility"
"910","motivation","utility","school",NA,NA,"school",NA,NA,"value/utility/school utility"
"911","motivation","utility","school",NA,NA,"school",NA,NA,"value/utility/school utility"
"912","motivation","utility","school",NA,NA,"school",NA,NA,"value/utility/school utility"
"913","motivation","utility","school",NA,NA,"school",NA,NA,"value/utility/school utility"
"914","motivation","utility","school",NA,NA,"school",NA,NA,"value/utility/school utility"
"915","motivation","expectancy",NA,NA,NA,NA,NA,NA,"expectancy"
"916","motivation","positive",NA,NA,NA,NA,NA,NA,"value/intrinsic"
"917","motivation","expectancy",NA,NA,NA,NA,NA,NA,"expectancy"
"918","motivation","positive",NA,NA,NA,NA,NA,NA,"value/intrinsic"
"919","motivation","expectancy",NA,NA,NA,NA,NA,NA,"expectancy"
"920","motivation","positive",NA,NA,NA,NA,NA,NA,"value/intrinsic"
"921","motivation","positive",NA,NA,NA,NA,NA,NA,"value/intrinsic"
"922","motivation","positive",NA,NA,NA,NA,NA,NA,"value/intrinsic"
"923","motivation","task difficulty",NA,NA,NA,NA,NA,NA,"costs/effort"
"924","motivation","expectancy",NA,NA,NA,NA,NA,NA,"expectancy"
"925","motivation","positive",NA,NA,NA,NA,NA,NA,"value/intrinsic"
"926","motivation","positive",NA,NA,NA,NA,NA,NA,"value/intrinsic"
"927","motivation","expectancy",NA,NA,NA,NA,NA,NA,"expectancy"
"928","motivation","expectancy",NA,NA,NA,NA,NA,NA,"other factors"
"929","motivation","utility","general",NA,NA,"general",NA,NA,"value/utility/general"
"930","motivation","expectancy",NA,NA,NA,NA,NA,NA,"expectancy"
"931","motivation","positive",NA,NA,NA,NA,NA,NA,"value/intrinsic"
"932","motivation","positive",NA,NA,NA,NA,NA,NA,"value/intrinsic"
"933","motivation","utility","not specified",NA,NA,"not specified",NA,NA,"value/utility/other"
"934","motivation","expectancy",NA,NA,NA,NA,NA,NA,"expectancy"
"935","motivation","utility","not specified",NA,NA,"not specified",NA,NA,"value/utility/other"
"936","motivation","utility","not specified",NA,NA,"not specified",NA,NA,"value/utility/other"
"937","motivation","positive",NA,NA,NA,NA,NA,NA,"value/intrinsic"
"938","motivation","goals",NA,NA,NA,NA,NA,NA,"goals/mastery"
"939","motivation","utility","not specified",NA,NA,"not specified",NA,NA,"value/utility/learning utility"
"940","motivation","utility","learning",NA,NA,"learning",NA,NA,"value/utility/learning utility"
"941","motivation","utility","learning",NA,NA,"learning",NA,NA,"value/utility/learning utility"
"942","motivation","utility","learning",NA,NA,"learning",NA,NA,"value/utility/learning utility"
"943","motivation","utility","not specified",NA,NA,"not specified",NA,NA,"value/utility/other"
"944","demotivation","different",NA,NA,NA,NA,NA,NA,"other factors"
"945","demotivation","utility","school",NA,NA,"school",NA,NA,"value/utility/school utility"
"946","demotivation","expectancy",NA,NA,NA,NA,NA,NA,"expectancy"
"947","demotivation","task difficulty",NA,NA,NA,NA,NA,NA,"costs/effort"
"948","demotivation","negative",NA,NA,NA,NA,NA,NA,"costs/emotional"
"949","demotivation","negative",NA,NA,NA,NA,NA,NA,"value/utility/useless"
"950","demotivation","different",NA,NA,NA,NA,NA,NA,"other factors"
"951","demotivation","task difficulty",NA,NA,NA,NA,NA,NA,"costs/effort"
"952","demotivation","utility","useless",NA,NA,"useless",NA,NA,"value/utility/useless"
"953","demotivation","utility","daily life",NA,NA,"daily life",NA,NA,"value/utility/daily life"
"954","motivation","utility","learning",NA,NA,"learning",NA,NA,"value/utility/learning utility"
"955","motivation","utility","school",NA,NA,"school",NA,NA,"consequence"
"956","motivation","positive",NA,NA,NA,NA,NA,NA,"value/intrinsic"
"957","motivation","utility","school",NA,NA,"school",NA,NA,"consequence"
"958","motivation","positive",NA,NA,NA,NA,NA,NA,"value/intrinsic"
"959","motivation","positive",NA,NA,NA,NA,NA,NA,"value/intrinsic"
"960","demotivation","negative",NA,NA,NA,NA,NA,NA,"costs/emotional"
"961","demotivation","task difficulty",NA,NA,NA,NA,NA,NA,"costs/effort"
"962","demotivation","task difficulty",NA,NA,NA,NA,NA,NA,"costs/effort"
"963","demotivation","different",NA,NA,NA,NA,NA,NA,"costs/emotional"
"964","demotivation","different",NA,NA,NA,NA,NA,NA,"other factors"
"965","demotivation","expectancy",NA,NA,NA,NA,NA,NA,"expectancy"
"966","demotivation","negative",NA,NA,NA,NA,NA,NA,"costs/emotional"
"967","demotivation","different",NA,NA,NA,NA,NA,NA,"consequence"
"968","demotivation","utility","useless",NA,NA,"useless",NA,NA,"value/utility/useless"
"969","demotivation","expectancy",NA,NA,NA,NA,NA,NA,"expectancy"
"970","motivation","expectancy",NA,NA,NA,NA,NA,NA,"expectancy"
"971","demotivation","different",NA,NA,NA,NA,NA,NA,"other factors"
"972","demotivation","task difficulty",NA,NA,NA,NA,NA,NA,"costs/effort"
"973","demotivation","task difficulty",NA,NA,NA,NA,NA,NA,"costs/effort"
"974","demotivation","different",NA,NA,NA,NA,NA,NA,"other factors"
"975","demotivation","utility","school",NA,NA,"school",NA,NA,"value/utility/school utility"
"976","demotivation","expectancy",NA,NA,NA,NA,NA,NA,"expectancy"
"977","demotivation","task difficulty",NA,NA,NA,NA,NA,NA,"costs/effort"
"978","demotivation","different",NA,NA,NA,NA,NA,NA,"other factors"
"979","demotivation","different",NA,NA,NA,NA,NA,NA,"other factors"
"980","demotivation","different",NA,NA,NA,NA,NA,NA,"other factors"
"981","demotivation","negative",NA,NA,NA,NA,NA,NA,"other factors"
"982","demotivation","different",NA,NA,NA,NA,NA,NA,"other factors"
"983","motivation","positive",NA,NA,NA,NA,NA,NA,"value/intrinsic"
"984","motivation","utility","learning",NA,NA,"learning",NA,NA,"value/utility/learning utility"
"985","motivation","utility","school",NA,NA,"school",NA,NA,"value/utility/school utility"
"986","motivation","utility","learning",NA,NA,"learning",NA,NA,"value/utility/learning utility"
"987","motivation","goals",NA,NA,NA,NA,NA,NA,"value/utility/school utility"
"988","motivation","goals",NA,NA,NA,NA,NA,NA,"value/utility/general"
"989","motivation","goals",NA,NA,NA,NA,NA,NA,"value/utility/general"
"990","motivation","goals",NA,NA,NA,NA,NA,NA,"value/utility/general"
"991","motivation","goals",NA,NA,NA,NA,NA,NA,"value/utility/general"
"992","motivation","goals",NA,NA,NA,NA,NA,NA,"goals/social status"
"993","motivation","goals",NA,NA,NA,NA,NA,NA,"goals/social status"
"994","demotivation","expectancy",NA,NA,NA,NA,NA,NA,"expectancy"
"995","demotivation","different",NA,NA,NA,NA,NA,NA,"consequence"
"996","demotivation","different",NA,NA,NA,NA,NA,NA,"consequence"
"997","demotivation","negative",NA,NA,NA,NA,NA,NA,"costs/emotional"
"998","demotivation","negative",NA,NA,NA,NA,NA,NA,"costs/emotional"
"999","demotivation","different",NA,NA,NA,NA,NA,NA,"other factors"
"1000","demotivation","different",NA,NA,NA,NA,NA,NA,"other factors"
"1001","demotivation","different",NA,NA,NA,NA,NA,NA,"other factors"
"1002","demotivation","different",NA,NA,NA,NA,NA,NA,"other factors"
"1003","demotivation","different",NA,NA,NA,NA,NA,NA,"other factors"
"1004","demotivation","different",NA,NA,NA,NA,NA,NA,"other factors"
"1005","motivation","utility","school",NA,NA,"school",NA,NA,"value/utility/school utility"
"1006","motivation","goals",NA,NA,NA,NA,NA,NA,"goals/mastery"
"1007","motivation","utility","school",NA,NA,"school",NA,NA,"value/utility/school utility"
"1008","motivation","goals",NA,NA,NA,NA,NA,NA,"goals/outcome"
"1009","motivation","goals",NA,NA,NA,NA,NA,NA,"goals/outcome"
"1010","motivation","goals",NA,NA,NA,NA,NA,NA,"goals/social approval"
"1011","motivation","utility","school",NA,NA,"school",NA,NA,"value/utility/school utility"
"1012","motivation","utility","school",NA,NA,"school",NA,NA,"value/utility/school utility"
"1013","motivation","expectancy",NA,NA,NA,NA,NA,NA,"expectancy"
"1014",NA,NA,NA,NA,NA,NA,NA,NA,NA
"1015","motivation","positive",NA,NA,NA,NA,NA,NA,"value/intrinsic"
"1016","motivation","different",NA,NA,NA,NA,NA,NA,"other factors"
"1017","motivation","expectancy",NA,NA,NA,NA,NA,NA,"value/utility/school utility"
"1018","motivation","positive",NA,NA,NA,NA,NA,NA,"value/intrinsic"
"1019",NA,NA,NA,NA,NA,NA,NA,NA,NA
"1020",NA,NA,NA,NA,NA,NA,NA,NA,NA
"1021","motivation","positive",NA,NA,NA,NA,NA,NA,"value/intrinsic"
"1022","motivation","utility","school",NA,NA,"school",NA,NA,"value/utility/school utility"
"1023","motivation","task difficulty",NA,NA,NA,NA,NA,NA,"costs/effort"
"1024","motivation","positive",NA,NA,NA,NA,NA,NA,"value/intrinsic"
"1025","motivation","positive",NA,NA,NA,NA,NA,NA,"value/intrinsic"
"1026","demotivation","different",NA,NA,NA,NA,NA,NA,"other factors"
"1027","demotivation","negative",NA,NA,NA,NA,NA,NA,"costs/emotional"
"1028","demotivation","different",NA,NA,NA,NA,NA,NA,"other factors"
"1029","demotivation","expectancy",NA,NA,NA,NA,NA,NA,"expectancy"
"1030","demotivation","utility","school",NA,NA,"school",NA,NA,"value/utility/school utility"
"1031","demotivation","utility","school",NA,NA,"school",NA,NA,"value/utility/school utility"
"1032","demotivation","different",NA,NA,NA,NA,NA,NA,"other factors"
"1033","demotivation","expectancy",NA,NA,NA,NA,NA,NA,"expectancy"
"1034","demotivation","utility",NA,NA,NA,NA,NA,NA,"other factors"
"1035","demotivation","goals",NA,NA,NA,NA,NA,NA,"value/utility/general"
"1036","demotivation","different",NA,NA,NA,NA,NA,NA,"consequence"
"1037","no",NA,NA,NA,NA,NA,NA,NA,NA
"1038","no",NA,NA,NA,NA,NA,NA,NA,NA
"1039","no",NA,NA,NA,NA,NA,NA,NA,NA
"1040","motivation","positive",NA,NA,NA,NA,NA,NA,"value/intrinsic"
"1041","demotivation","negative",NA,NA,NA,NA,NA,NA,"costs/emotional"
"1042",NA,NA,NA,NA,NA,NA,NA,NA,NA
"1043","motivation","different",NA,NA,NA,NA,NA,NA,"other factors"
"1044","demotivation","different",NA,NA,NA,NA,NA,NA,"other factors"
"1045","motivation","utility","school",NA,NA,"school",NA,NA,"value/utility/other"
"1046","motivation","different",NA,NA,NA,NA,NA,NA,"other factors"
"1047","motivation","different",NA,NA,NA,NA,NA,NA,"other factors"
"1048","motivation","utility","school",NA,NA,"school",NA,NA,"value/utility/school utility"
"1049","motivation","goals",NA,NA,NA,NA,NA,NA,"value/utility/general"
"1050","motivation","utility","learning",NA,NA,"learning",NA,NA,"value/utility/learning utility"
"1051","motivation","utility","school",NA,NA,"school",NA,NA,"value/utility/school utility"
"1052","motivation","utility","social",NA,NA,"social",NA,NA,"value/utility/social utility"
"1053","motivation","task difficulty",NA,NA,NA,NA,NA,NA,"costs/effort"
"1054","motivation","utility","daily life",NA,NA,"daily life",NA,NA,"value/utility/daily life"
"1055","motivation","utility","learning",NA,NA,"learning",NA,NA,"value/utility/learning utility"
"1056","motivation","utility","learning",NA,NA,"school",NA,NA,"value/utility/learning utility"
"1057","motivation","different",NA,NA,NA,NA,NA,NA,"consequence"
"1058","motivation","positive",NA,NA,NA,NA,NA,NA,"value/intrinsic"
"1059","motivation","different",NA,NA,NA,NA,NA,NA,"consequence"
"1060","motivation","goals",NA,NA,NA,NA,NA,NA,"goals/mastery"
"1061","motivation","utility","not specified",NA,NA,"not specified",NA,NA,"value/utility/other"
"1062","motivation","goals",NA,NA,NA,NA,NA,NA,"goals/social approval"
"1063","motivation","utility","learning",NA,NA,"learning",NA,NA,"value/utility/learning utility"
"1064","motivation","different",NA,NA,NA,NA,NA,NA,"value/utility/social utility"
"1065","motivation","utility","learning",NA,NA,"learning",NA,NA,"consequence"
"1066","motivation","utility","learning",NA,NA,"learning",NA,NA,"value/utility/learning utility"
"1067","motivation","utility","learning",NA,NA,"learning",NA,NA,"value/utility/learning utility"
"1068","motivation","different",NA,NA,NA,NA,NA,NA,"consequence"
"1069","motivation","utility","not specified",NA,NA,"not specified",NA,NA,"value/utility/other"
"1070","motivation","different",NA,NA,NA,NA,NA,NA,"other factors"
"1071","motivation","utility","learning",NA,NA,"learning",NA,NA,"value/utility/learning utility"
"1072","demotivation","expectancy",NA,NA,NA,NA,NA,NA,"expectancy"
"1073",NA,NA,NA,NA,NA,NA,NA,NA,NA
"1074",NA,NA,NA,NA,NA,NA,NA,NA,NA
"1075","demotivation","expectancy",NA,NA,NA,NA,NA,NA,"expectancy"
"1076",NA,NA,NA,NA,NA,NA,NA,NA,NA
"1077","motivation","different",NA,NA,NA,NA,NA,NA,"consequence"
"1078","motivation","expectancy",NA,NA,NA,NA,NA,NA,"expectancy"
"1079","motivation","different",NA,NA,NA,NA,NA,NA,"other factors"
"1080","motivation","expectancy",NA,NA,NA,NA,NA,NA,"expectancy"
"1081","motivation","positive",NA,NA,NA,NA,NA,NA,"value/intrinsic"
"1082","motivation","utility","school",NA,NA,"school",NA,NA,"value/utility/school utility"
"1083","motivation","utility","school",NA,NA,"school",NA,NA,"value/utility/school utility"
"1084","motivation","utility","general",NA,NA,"general",NA,NA,"value/utility/daily life"
"1085","motivation","utility","learning",NA,NA,"learning",NA,NA,"value/utility/school utility"
"1086","motivation","utility","school",NA,NA,"school",NA,NA,"value/utility/school utility"
"1087","motivation","utility","learning",NA,NA,"learning",NA,NA,"value/utility/learning utility"
"1088","motivation","positive",NA,NA,NA,NA,NA,NA,"value/intrinsic"
"1089","motivation","positive",NA,NA,NA,NA,NA,NA,"value/intrinsic"
"1090","motivation","utility","learning",NA,NA,"learning",NA,NA,"value/utility/learning utility"
"1091","motivation","utility","learning","general",NA,"learning","general",NA,"value/utility/learning utility"
"1092","motivation","utility","learning","general",NA,"learning","general",NA,"value/utility/general"
"1093","motivation","positive",NA,NA,NA,NA,NA,NA,"value/intrinsic"
"1094","motivation","utility","school",NA,NA,"school",NA,NA,"value/utility/school utility"
"1095","motivation","utility","learning",NA,NA,"learning",NA,NA,"value/utility/learning utility"
"1096",NA,NA,NA,NA,NA,NA,NA,NA,NA
"1097","no",NA,NA,NA,NA,NA,NA,NA,NA
"1098","motivation","utility","general",NA,NA,"general",NA,NA,"value/utility/general"
"1099","motivation","different",NA,NA,NA,NA,NA,NA,"value/utility/social utility"
"1100","motivation","expectancy",NA,NA,NA,NA,NA,NA,"expectancy"
"1101","demotivation","expectancy",NA,NA,NA,NA,NA,NA,"expectancy"
"1102","demotivation","negative",NA,NA,NA,NA,NA,NA,"costs/emotional"
"1103","demotivation","different",NA,NA,NA,NA,NA,NA,"consequence"
"1104","demotivation","different",NA,NA,NA,NA,NA,NA,"other factors"
"1105","demotivation","negative",NA,NA,NA,NA,NA,NA,"costs/emotional"
"1106","demotivation","expectancy",NA,NA,NA,NA,NA,NA,"expectancy"
"1107","demotivation","negative",NA,NA,NA,NA,NA,NA,"costs/emotional"
"1108","demotivation","different",NA,NA,NA,NA,NA,NA,"other factors"
"1109","demotivation","different",NA,NA,NA,NA,NA,NA,"expectancy"
"1110","demotivation","expectancy",NA,NA,NA,NA,NA,NA,"expectancy"
"1111","demotivation","negative",NA,NA,NA,NA,NA,NA,"costs/emotional"
"1112","demotivation","expectancy",NA,NA,NA,NA,NA,NA,"expectancy"
"1113","motivation","expectancy",NA,NA,NA,NA,NA,NA,"expectancy"
"1114","motivation","expectancy",NA,NA,NA,NA,NA,NA,"expectancy"
"1115","motivation","expectancy",NA,NA,NA,NA,NA,NA,"expectancy"
"1116","motivation","task difficulty",NA,NA,NA,NA,NA,NA,"costs/effort"
"1117","motivation","different",NA,NA,NA,NA,NA,NA,"other factors"
"1118","demotivation","expectancy",NA,NA,NA,NA,NA,NA,"expectancy"
"1119","demotivation","expectancy",NA,NA,NA,NA,NA,NA,"expectancy"
"1120","demotivation","expectancy",NA,NA,NA,NA,NA,NA,"expectancy"
"1121","demotivation","expectancy",NA,NA,NA,NA,NA,NA,"expectancy"
"1122","demotivation","expectancy",NA,NA,NA,NA,NA,NA,"expectancy"
"1123","no",NA,NA,NA,NA,NA,NA,NA,NA
"1124","demotivation","expectancy",NA,NA,NA,NA,NA,NA,"expectancy"
"1125",NA,NA,NA,NA,NA,NA,NA,NA,NA
"1126","demotivation","expectancy",NA,NA,NA,NA,NA,NA,"expectancy"
"1127","demotivation","expectancy",NA,NA,NA,NA,NA,NA,"expectancy"
"1128",NA,NA,NA,NA,NA,NA,NA,NA,NA
"1129","motivation","expectancy",NA,NA,NA,NA,NA,NA,"expectancy"
"1130","motivation","positive",NA,NA,NA,NA,NA,NA,"value/intrinsic"
"1131","motivation","expectancy",NA,NA,NA,NA,NA,NA,"expectancy"
"1132","motivation","utility","daily life","not specified",NA,"daily life",NA,NA,"value/utility/daily life"
"1133","motivation","utility","daily life","not specified",NA,"daily life",NA,NA,"value/utility/other"
"1134","demotivation","expectancy",NA,NA,NA,NA,NA,NA,"expectancy"
"1135","demotivation","expectancy",NA,NA,NA,NA,NA,NA,"expectancy"
"1136","demotivation","expectancy",NA,NA,NA,NA,NA,NA,"expectancy"
"1137","motivation","expectancy",NA,NA,NA,NA,NA,NA,"expectancy"
"1138","motivation","positive",NA,NA,NA,NA,NA,NA,"value/intrinsic"
"1139","demotivation","expectancy",NA,NA,NA,NA,NA,NA,"expectancy"
"1140","demotivation","different",NA,NA,NA,NA,NA,NA,"other factors"
"1141","demotivation","negative",NA,NA,NA,NA,NA,NA,"costs/emotional"
"1142","demotivation","negative",NA,NA,NA,NA,NA,NA,"costs/emotional"
"1143","demotivation","different",NA,NA,NA,NA,NA,NA,"other factors"
"1144","demotivation","different",NA,NA,NA,NA,NA,NA,"other factors"
"1145","demotivation","negative",NA,NA,NA,NA,NA,NA,"costs/emotional"
"1146","demotivation","expectancy",NA,NA,NA,NA,NA,NA,"expectancy"
"1147","demotivation","expectancy",NA,NA,NA,NA,NA,NA,"expectancy"
"1148","demotivation","expectancy",NA,NA,NA,NA,NA,NA,"expectancy"
"1149","demotivation","task difficulty",NA,NA,NA,NA,NA,NA,"costs/effort"
"1150","demotivation","different",NA,NA,NA,NA,NA,NA,"other factors"
"1151","demotivation","opportunity",NA,NA,NA,NA,NA,NA,"other factors"
"1152","demotivation","negative",NA,NA,NA,NA,NA,NA,"costs/emotional"
"1153","demotivation","different",NA,NA,NA,NA,NA,NA,"consequence"
"1154","demotivation","different",NA,NA,NA,NA,NA,NA,"consequence"
"1155","demotivation","task difficulty",NA,NA,NA,NA,NA,NA,"costs/effort"
"1156","demotivation","opportunity",NA,NA,NA,NA,NA,NA,"costs/opportunity"
"1157","demotivation","negative",NA,NA,NA,NA,NA,NA,"costs/emotional"
"1158","demotivation","different",NA,NA,NA,NA,NA,NA,"other factors"
"1159","demotivation","different",NA,NA,NA,NA,NA,NA,"other factors"
"1160","demotivation","task difficulty",NA,NA,NA,NA,NA,NA,"costs/effort"
"1161","demotivation","task difficulty",NA,NA,NA,NA,NA,NA,"costs/effort"
"1162","demotivation","negative",NA,NA,NA,NA,NA,NA,"costs/emotional"
"1163","demotivation","expectancy",NA,NA,NA,NA,NA,NA,"expectancy"
"1164","motivation","utility","learning",NA,NA,"learning",NA,NA,"value/utility/learning utility"
"1165","motivation","different",NA,NA,NA,NA,NA,NA,"consequence"
"1166","motivation","expectancy",NA,NA,NA,NA,NA,NA,"expectancy"
"1167","motivation","utility","learning",NA,NA,"learning",NA,NA,"value/utility/learning utility"
"1168","motivation","utility","learning",NA,NA,"learning",NA,NA,"value/utility/learning utility"
"1169","motivation","utility","daily life",NA,NA,"daily life",NA,NA,"value/utility/daily life"
"1170","motivation","utility","learning",NA,NA,"learning",NA,NA,"value/utility/learning utility"
"1171","motivation","expectancy",NA,NA,NA,NA,NA,NA,"expectancy"
"1172","motivation","different",NA,NA,NA,NA,NA,NA,"consequence"
"1173","motivation","positive",NA,NA,NA,NA,NA,NA,"value/intrinsic"
"1174","motivation","expectancy",NA,NA,NA,NA,NA,NA,"expectancy"
"1175","motivation","utility","not specified",NA,NA,"school",NA,NA,"value/utility/school utility"
"1176","motivation","utility","school",NA,NA,"school",NA,NA,"value/utility/school utility"
"1177","motivation","utility","learning",NA,NA,"learning",NA,NA,"value/utility/learning utility"
"1178","motivation","utility","learning",NA,NA,"school",NA,NA,"value/utility/learning utility"
"1179","motivation","different",NA,NA,NA,NA,NA,NA,"consequence"
"1180","motivation","utility","learning",NA,NA,"school",NA,NA,"value/utility/learning utility"
"1181","demotivation","different",NA,NA,NA,NA,NA,NA,"consequence"
"1182","motivation","positive",NA,NA,NA,NA,NA,NA,"value/intrinsic"
"1183","demotivation","utility","useless",NA,NA,"useless",NA,NA,"value/utility/useless"
"1184","motivation","different",NA,NA,NA,NA,NA,NA,"consequence"
"1185","motivation","positive",NA,NA,NA,NA,NA,NA,"value/intrinsic"
"1186","motivation","utility","learning",NA,NA,"learning",NA,NA,"value/utility/learning utility"
"1187","motivation","utility","not specified",NA,NA,"not specified",NA,NA,"value/utility/other"
"1188","motivation","positive",NA,NA,NA,NA,NA,NA,"value/intrinsic"
"1189","motivation","goals",NA,NA,NA,NA,NA,NA,"value/utility/general"
"1190","motivation","goals",NA,NA,NA,NA,NA,NA,"value/utility/general"
"1191","motivation","expectancy",NA,NA,NA,NA,NA,NA,"expectancy"
"1192","motivation","expectancy",NA,NA,NA,NA,NA,NA,"expectancy"
"1193","motivation","expectancy",NA,NA,NA,NA,NA,NA,"expectancy"
"1194",NA,NA,NA,NA,NA,NA,NA,NA,NA
"1195","motivation","expectancy",NA,NA,NA,NA,NA,NA,"expectancy"
"1196","motivation","different",NA,NA,NA,NA,NA,NA,"other factors"
"1197","motivation","different",NA,NA,NA,NA,NA,NA,"consequence"
"1198","motivation","expectancy",NA,NA,NA,NA,NA,NA,"expectancy"
"1199","motivation","different",NA,NA,NA,NA,NA,NA,"other factors"
"1200","motivation","different",NA,NA,NA,NA,NA,NA,"other factors"
"1201","motivation","different",NA,NA,NA,NA,NA,NA,"other factors"
"1202","motivation","positive",NA,NA,NA,NA,NA,NA,"value/intrinsic"
"1203",NA,NA,NA,NA,NA,NA,NA,NA,NA
"1204","motivation","goals",NA,NA,NA,NA,NA,NA,"goals/social status"
"1205","motivation","goals",NA,NA,NA,NA,NA,NA,"goals/mastery"
"1206","motivation","goals",NA,NA,NA,NA,NA,NA,"goals/social status"
"1207","motivation","goals",NA,NA,NA,NA,NA,NA,"goals/family support"
"1208","motivation","goals",NA,NA,NA,NA,NA,NA,"goals/social status"
"1209","motivation","goals",NA,NA,NA,NA,NA,NA,"goals/social status"
"1210","motivation","goals",NA,NA,NA,NA,NA,NA,"goals/family support"
"1211","demotivation","negative",NA,NA,NA,NA,NA,NA,"costs/emotional"
"1212","demotivation","different",NA,NA,NA,NA,NA,NA,"other factors"
"1213","demotivation","different",NA,NA,NA,NA,NA,NA,"other factors"
"1214","demotivation","expectancy",NA,NA,NA,NA,NA,NA,"expectancy"
"1215","demotivation","utility","useless",NA,NA,"useless",NA,NA,"value/utility/useless"
"1216","demotivation","utility","useless",NA,NA,"useless",NA,NA,"value/utility/useless"
"1217","demotivation","negative",NA,NA,NA,NA,NA,NA,"costs/emotional"
"1218","demotivation","different",NA,NA,NA,NA,NA,NA,"value/utility/useless"
"1219","demotivation","utility","useless",NA,NA,"useless",NA,NA,"value/utility/useless"
"1220","demotivation","different",NA,NA,NA,NA,NA,NA,"other factors"
"1221","motivation","utility","learning",NA,NA,"learning",NA,NA,"value/utility/learning utility"
"1222","motivation","goals",NA,NA,NA,NA,NA,NA,"value/utility/learning utility"
"1223","motivation","utility","learning",NA,NA,"learning",NA,NA,"value/utility/learning utility"
"1224","motivation","utility","social",NA,NA,"social",NA,NA,"consequence"
"1225","motivation","goals",NA,NA,NA,NA,NA,NA,"goals/social status"
"1226","motivation","expectancy",NA,NA,NA,NA,NA,NA,"expectancy"
"1227","motivation","expectancy",NA,NA,NA,NA,NA,NA,"expectancy"
"1228","motivation","utility","social",NA,NA,"social",NA,NA,"value/utility/social utility"
"1229","motivation","goals",NA,NA,NA,NA,NA,NA,"goals/mastery"
"1230","motivation","expectancy",NA,NA,NA,NA,NA,NA,"expectancy"
"1231","motivation","expectancy",NA,NA,NA,NA,NA,NA,"expectancy"
"1232","demotivation","expectancy",NA,NA,NA,NA,NA,NA,"expectancy"
"1233","demotivation","expectancy",NA,NA,NA,NA,NA,NA,"expectancy"
"1234","demotivation","negative",NA,NA,NA,NA,NA,NA,"costs/emotional"
"1235","demotivation","expectancy",NA,NA,NA,NA,NA,NA,"expectancy"
"1236","demotivation","expectancy",NA,NA,NA,NA,NA,NA,"expectancy"
"1237","demotivation","expectancy",NA,NA,NA,NA,NA,NA,"expectancy"
